idna_subject,checker_type,destination,source,tested_at,session_id
plus,AVAILABILITY,origin.list,origin.list,2022-04-27 05:27:11.458328,aaba69e43fef80cc7052287a
||ads*.qadabra.com,AVAILABILITY,origin.list,origin.list,2022-04-27 05:27:17.408593,aaba69e43fef80cc7052287a
01net.it,AVAILABILITY,origin.list,origin.list,2022-04-27 05:27:36.302639,aaba69e43fef80cc7052287a
02blog.it,AVAILABILITY,origin.list,origin.list,2022-04-27 05:27:38.131807,aaba69e43fef80cc7052287a
105.net,AVAILABILITY,origin.list,origin.list,2022-04-27 05:27:38.700260,aaba69e43fef80cc7052287a
1fichier.com,AVAILABILITY,origin.list,origin.list,2022-04-27 05:27:41.015451,aaba69e43fef80cc7052287a
2spaghi.it,AVAILABILITY,origin.list,origin.list,2022-04-27 05:27:43.131440,aaba69e43fef80cc7052287a
2conv.com,AVAILABILITY,origin.list,origin.list,2022-04-27 05:27:43.706658,aaba69e43fef80cc7052287a
123people.it,AVAILABILITY,origin.list,origin.list,2022-04-27 05:27:44.727246,aaba69e43fef80cc7052287a
3bmeteo.com,AVAILABILITY,origin.list,origin.list,2022-04-27 05:27:45.377563,aaba69e43fef80cc7052287a
4shared.com,AVAILABILITY,origin.list,origin.list,2022-04-27 05:27:47.016205,aaba69e43fef80cc7052287a
4minuti.it,AVAILABILITY,origin.list,origin.list,2022-04-27 05:27:47.087127,aaba69e43fef80cc7052287a
5nowvideo.com,AVAILABILITY,origin.list,origin.list,2022-04-27 05:27:48.270751,aaba69e43fef80cc7052287a
9gag.com,AVAILABILITY,origin.list,origin.list,2022-04-27 05:27:49.330387,aaba69e43fef80cc7052287a
9to5mac.com,AVAILABILITY,origin.list,origin.list,2022-04-27 05:27:49.348014,aaba69e43fef80cc7052287a
6sicuro.it,AVAILABILITY,origin.list,origin.list,2022-04-27 05:27:49.896571,aaba69e43fef80cc7052287a
a.ligatus.com,AVAILABILITY,origin.list,origin.list,2022-04-27 05:27:50.272931,aaba69e43fef80cc7052287a
abcnews.go.com,AVAILABILITY,origin.list,origin.list,2022-04-27 05:27:51.099787,aaba69e43fef80cc7052287a
accuweather.com,AVAILABILITY,origin.list,origin.list,2022-04-27 05:27:52.403911,aaba69e43fef80cc7052287a
adamtheautomator.com,AVAILABILITY,origin.list,origin.list,2022-04-27 05:27:52.943565,aaba69e43fef80cc7052287a
addictivetips.com,AVAILABILITY,origin.list,origin.list,2022-04-27 05:27:53.770638,aaba69e43fef80cc7052287a
adf.ly,AVAILABILITY,origin.list,origin.list,2022-04-27 05:27:54.484890,aaba69e43fef80cc7052287a
adnkronos.com,AVAILABILITY,origin.list,origin.list,2022-04-27 05:27:57.197064,aaba69e43fef80cc7052287a
ads*.contentabc.com,AVAILABILITY,origin.list,origin.list,2022-04-27 05:27:57.786831,aaba69e43fef80cc7052287a
ads*.msn.com,AVAILABILITY,origin.list,origin.list,2022-04-27 05:27:58.097849,aaba69e43fef80cc7052287a
accountsettings.ebay.it,AVAILABILITY,origin.list,origin.list,2022-04-27 05:28:00.861976,aaba69e43fef80cc7052287a
affaritaliani.it,AVAILABILITY,origin.list,origin.list,2022-04-27 05:28:01.533296,aaba69e43fef80cc7052287a
agar.io,AVAILABILITY,origin.list,origin.list,2022-04-27 05:28:02.080119,aaba69e43fef80cc7052287a
agnitogeek.com,AVAILABILITY,origin.list,origin.list,2022-04-27 05:28:03.167293,aaba69e43fef80cc7052287a
agi.it,AVAILABILITY,origin.list,origin.list,2022-04-27 05:28:03.529367,aaba69e43fef80cc7052287a
aggiustatutto.it,AVAILABILITY,origin.list,origin.list,2022-04-27 05:28:03.986115,aaba69e43fef80cc7052287a
agoravox.it,AVAILABILITY,origin.list,origin.list,2022-04-27 05:28:04.058445,aaba69e43fef80cc7052287a
alfemminile.com,AVAILABILITY,origin.list,origin.list,2022-04-27 05:28:05.398842,aaba69e43fef80cc7052287a
almico.com,AVAILABILITY,origin.list,origin.list,2022-04-27 05:28:08.208748,aaba69e43fef80cc7052287a
allkeyshop.com,AVAILABILITY,origin.list,origin.list,2022-04-27 05:28:08.454444,aaba69e43fef80cc7052287a
alt-codes.net,AVAILABILITY,origin.list,origin.list,2022-04-27 05:28:09.235161,aaba69e43fef80cc7052287a
alguer.it,AVAILABILITY,origin.list,origin.list,2022-04-27 05:28:09.257149,aaba69e43fef80cc7052287a
altadefinizione.bid,AVAILABILITY,origin.list,origin.list,2022-04-27 05:28:09.478239,aaba69e43fef80cc7052287a
altadefinizione.tv,AVAILABILITY,origin.list,origin.list,2022-04-27 05:28:10.194810,aaba69e43fef80cc7052287a
alternativeto.net,AVAILABILITY,origin.list,origin.list,2022-04-27 05:28:10.837043,aaba69e43fef80cc7052287a
altroconsumo.it,AVAILABILITY,origin.list,origin.list,2022-04-27 05:28:12.323536,aaba69e43fef80cc7052287a
alvolante.it,AVAILABILITY,origin.list,origin.list,2022-04-27 05:28:13.418429,aaba69e43fef80cc7052287a
amazon.com,AVAILABILITY,origin.list,origin.list,2022-04-27 05:28:14.254636,aaba69e43fef80cc7052287a
amando.it,AVAILABILITY,origin.list,origin.list,2022-04-27 05:28:16.017836,aaba69e43fef80cc7052287a
amazon.it,AVAILABILITY,origin.list,origin.list,2022-04-27 05:28:16.281441,aaba69e43fef80cc7052287a
androidauthority.com,AVAILABILITY,origin.list,origin.list,2022-04-27 05:28:17.480264,aaba69e43fef80cc7052287a
andreagaleazzi.com,AVAILABILITY,origin.list,origin.list,2022-04-27 05:28:18.275341,aaba69e43fef80cc7052287a
androidcentral.com,AVAILABILITY,origin.list,origin.list,2022-04-27 05:28:18.416876,aaba69e43fef80cc7052287a
amp.ilgiornale.it,AVAILABILITY,origin.list,origin.list,2022-04-27 05:28:18.913976,aaba69e43fef80cc7052287a
amp24.ilsole24ore.com,AVAILABILITY,origin.list,origin.list,2022-04-27 05:28:19.685844,aaba69e43fef80cc7052287a
androidiani.com,AVAILABILITY,origin.list,origin.list,2022-04-27 05:28:20.399741,aaba69e43fef80cc7052287a
androidpit.com,AVAILABILITY,origin.list,origin.list,2022-04-27 05:28:22.743301,aaba69e43fef80cc7052287a
androidworld.it,AVAILABILITY,origin.list,origin.list,2022-04-27 05:28:24.455939,aaba69e43fef80cc7052287a
androidpit.it,AVAILABILITY,origin.list,origin.list,2022-04-27 05:28:25.192536,aaba69e43fef80cc7052287a
ansa.it,AVAILABILITY,origin.list,origin.list,2022-04-27 05:28:27.105880,aaba69e43fef80cc7052287a
answers.yahoo.com,AVAILABILITY,origin.list,origin.list,2022-04-27 05:28:29.997586,aaba69e43fef80cc7052287a
apkamp.com,AVAILABILITY,origin.list,origin.list,2022-04-27 05:28:30.996876,aaba69e43fef80cc7052287a
apkmirror.com,AVAILABILITY,origin.list,origin.list,2022-04-27 05:28:31.391805,aaba69e43fef80cc7052287a
appcrawlr.com,AVAILABILITY,origin.list,origin.list,2022-04-27 05:28:32.009480,aaba69e43fef80cc7052287a
appletoolbox.com,AVAILABILITY,origin.list,origin.list,2022-04-27 05:28:32.207947,aaba69e43fef80cc7052287a
appstorm.net,AVAILABILITY,origin.list,origin.list,2022-04-27 05:28:32.241383,aaba69e43fef80cc7052287a
aranzulla.it,AVAILABILITY,origin.list,origin.list,2022-04-27 05:28:33.593614,aaba69e43fef80cc7052287a
applezein.net,AVAILABILITY,origin.list,origin.list,2022-04-27 05:28:34.751157,aaba69e43fef80cc7052287a
aranzulla.tecnologia.virgilio.it,AVAILABILITY,origin.list,origin.list,2022-04-27 05:28:35.080657,aaba69e43fef80cc7052287a
armorgames.com,AVAILABILITY,origin.list,origin.list,2022-04-27 05:28:35.894981,aaba69e43fef80cc7052287a
arstechnica.com,AVAILABILITY,origin.list,origin.list,2022-04-27 05:28:36.791611,aaba69e43fef80cc7052287a
aquaneva.it,AVAILABILITY,origin.list,origin.list,2022-04-27 05:28:37.746260,aaba69e43fef80cc7052287a
assistenza-mail.virgilio.it,AVAILABILITY,origin.list,origin.list,2022-04-27 05:28:38.834038,aaba69e43fef80cc7052287a
altalex.com,AVAILABILITY,origin.list,origin.list,2022-04-27 05:28:52.938281,aaba69e43fef80cc7052287a
artribune.com,AVAILABILITY,origin.list,origin.list,2022-04-27 05:28:58.243643,aaba69e43fef80cc7052287a
askstudent.com,AVAILABILITY,origin.list,origin.list,2022-04-27 05:28:58.249925,aaba69e43fef80cc7052287a
assodigitale.it,AVAILABILITY,origin.list,origin.list,2022-04-27 05:29:05.726577,aaba69e43fef80cc7052287a
audiko.net,AVAILABILITY,origin.list,origin.list,2022-04-27 05:29:08.210461,aaba69e43fef80cc7052287a
autoblog.it,AVAILABILITY,origin.list,origin.list,2022-04-27 05:29:10.042313,aaba69e43fef80cc7052287a
autoaspillo.com,AVAILABILITY,origin.list,origin.list,2022-04-27 05:29:10.485494,aaba69e43fef80cc7052287a
autoaz.it,AVAILABILITY,origin.list,origin.list,2022-04-27 05:29:11.895435,aaba69e43fef80cc7052287a
autoscout24.it,AVAILABILITY,origin.list,origin.list,2022-04-27 05:29:12.640263,aaba69e43fef80cc7052287a
automoto.it,AVAILABILITY,origin.list,origin.list,2022-04-27 05:29:13.257805,aaba69e43fef80cc7052287a
autos.yahoo.com,AVAILABILITY,origin.list,origin.list,2022-04-27 05:29:33.327497,aaba69e43fef80cc7052287a
avaxsearch.com,AVAILABILITY,origin.list,origin.list,2022-04-27 05:29:33.418519,aaba69e43fef80cc7052287a
avaxhome.ws,AVAILABILITY,origin.list,origin.list,2022-04-27 05:29:34.091418,aaba69e43fef80cc7052287a
avvenire.it,AVAILABILITY,origin.list,origin.list,2022-04-27 05:29:36.164500,aaba69e43fef80cc7052287a
backin.net,AVAILABILITY,origin.list,origin.list,2022-04-27 05:29:36.567920,aaba69e43fef80cc7052287a
badtaste.it,AVAILABILITY,origin.list,origin.list,2022-04-27 05:29:36.916787,aaba69e43fef80cc7052287a
avvocati.it,AVAILABILITY,origin.list,origin.list,2022-04-27 05:29:37.323820,aaba69e43fef80cc7052287a
baeldung.com,AVAILABILITY,origin.list,origin.list,2022-04-27 05:29:37.714316,aaba69e43fef80cc7052287a
bbc.co.uk,AVAILABILITY,origin.list,origin.list,2022-04-27 05:29:39.268727,aaba69e43fef80cc7052287a
bannerflow.com,AVAILABILITY,origin.list,origin.list,2022-04-27 05:29:39.766979,aaba69e43fef80cc7052287a
bbc.com,AVAILABILITY,origin.list,origin.list,2022-04-27 05:30:00.985974,aaba69e43fef80cc7052287a
bellaweb.it,AVAILABILITY,origin.list,origin.list,2022-04-27 05:30:01.069791,aaba69e43fef80cc7052287a
beppegrillo.it,AVAILABILITY,origin.list,origin.list,2022-04-27 05:30:04.487351,aaba69e43fef80cc7052287a
bgr.com,AVAILABILITY,origin.list,origin.list,2022-04-27 05:30:07.979337,aaba69e43fef80cc7052287a
bergamonews.it,AVAILABILITY,origin.list,origin.list,2022-04-27 05:30:08.029711,aaba69e43fef80cc7052287a
bikeitalia.it,AVAILABILITY,origin.list,origin.list,2022-04-27 05:30:09.516401,aaba69e43fef80cc7052287a
billboard.com,AVAILABILITY,origin.list,origin.list,2022-04-27 05:30:10.962050,aaba69e43fef80cc7052287a
bestmovie.it,AVAILABILITY,origin.list,origin.list,2022-04-27 05:30:19.243378,aaba69e43fef80cc7052287a
bing.com,AVAILABILITY,origin.list,origin.list,2022-04-27 05:30:34.260274,aaba69e43fef80cc7052287a
bitchyf.it,AVAILABILITY,origin.list,origin.list,2022-04-27 05:30:35.704870,aaba69e43fef80cc7052287a
blackberrycool.com,AVAILABILITY,origin.list,origin.list,2022-04-27 05:30:37.124703,aaba69e43fef80cc7052287a
bitcity.it,AVAILABILITY,origin.list,origin.list,2022-04-27 05:30:37.950239,aaba69e43fef80cc7052287a
bleepingcomputer.com,AVAILABILITY,origin.list,origin.list,2022-04-27 05:30:39.400226,aaba69e43fef80cc7052287a
blog.bepuppy.com,AVAILABILITY,origin.list,origin.list,2022-04-27 05:30:40.329696,aaba69e43fef80cc7052287a
biteyourapple.net,AVAILABILITY,origin.list,origin.list,2022-04-27 05:30:43.240058,aaba69e43fef80cc7052287a
blog.chron.com,AVAILABILITY,origin.list,origin.list,2022-04-27 05:31:03.897100,aaba69e43fef80cc7052287a
blog.firmwareumbrella.com,AVAILABILITY,origin.list,origin.list,2022-04-27 05:31:04.501615,aaba69e43fef80cc7052287a
blog.napolux.com,AVAILABILITY,origin.list,origin.list,2022-04-27 05:31:05.006422,aaba69e43fef80cc7052287a
blog.screenweek.it,AVAILABILITY,origin.list,origin.list,2022-04-27 05:31:05.680109,aaba69e43fef80cc7052287a
blog.the-ebook-reader.com,AVAILABILITY,origin.list,origin.list,2022-04-27 05:31:06.399526,aaba69e43fef80cc7052287a
blog.pianetadonna.it,AVAILABILITY,origin.list,origin.list,2022-04-27 05:31:06.554945,aaba69e43fef80cc7052287a
blog.tagliaerbe.com,AVAILABILITY,origin.list,origin.list,2022-04-27 05:31:07.038529,aaba69e43fef80cc7052287a
bloomberg.com,AVAILABILITY,origin.list,origin.list,2022-04-27 05:31:08.611348,aaba69e43fef80cc7052287a
blog.wired.it,AVAILABILITY,origin.list,origin.list,2022-04-27 05:31:09.116238,aaba69e43fef80cc7052287a
boingboing.net,AVAILABILITY,origin.list,origin.list,2022-04-27 05:31:09.546916,aaba69e43fef80cc7052287a
blogtogo.de,AVAILABILITY,origin.list,origin.list,2022-04-27 05:31:10.007772,aaba69e43fef80cc7052287a
boredpanda.com,AVAILABILITY,origin.list,origin.list,2022-04-27 05:31:34.565840,aaba69e43fef80cc7052287a
borsaitaliana.it,AVAILABILITY,origin.list,origin.list,2022-04-27 05:31:36.044322,aaba69e43fef80cc7052287a
botcrawl.com,AVAILABILITY,origin.list,origin.list,2022-04-27 05:31:36.571067,aaba69e43fef80cc7052287a
bradsdeals.com,AVAILABILITY,origin.list,origin.list,2022-04-27 05:31:37.947487,aaba69e43fef80cc7052287a
breaknotizie.com,AVAILABILITY,origin.list,origin.list,2022-04-27 05:31:39.016473,aaba69e43fef80cc7052287a
breathecast.com,AVAILABILITY,origin.list,origin.list,2022-04-27 05:31:39.567481,aaba69e43fef80cc7052287a
branzilla.org,AVAILABILITY,origin.list,origin.list,2022-04-27 05:31:40.625999,aaba69e43fef80cc7052287a
brighthub.com,AVAILABILITY,origin.list,origin.list,2022-04-27 05:31:41.301111,aaba69e43fef80cc7052287a
bresciaoggi.it,AVAILABILITY,origin.list,origin.list,2022-04-27 05:31:41.511863,aaba69e43fef80cc7052287a
briskoda.net,AVAILABILITY,origin.list,origin.list,2022-04-27 05:31:41.694229,aaba69e43fef80cc7052287a
bs.serving-sys.com,AVAILABILITY,origin.list,origin.list,2022-04-27 05:31:41.900707,aaba69e43fef80cc7052287a
browse.deviantart.com,AVAILABILITY,origin.list,origin.list,2022-04-27 05:31:42.021210,aaba69e43fef80cc7052287a
bufale.net,AVAILABILITY,origin.list,origin.list,2022-04-27 05:31:43.209776,aaba69e43fef80cc7052287a
businessinsider.com,AVAILABILITY,origin.list,origin.list,2022-04-27 05:31:44.538779,aaba69e43fef80cc7052287a
buonenotizie.it,AVAILABILITY,origin.list,origin.list,2022-04-27 05:31:45.726809,aaba69e43fef80cc7052287a
buonicoupon.it,AVAILABILITY,origin.list,origin.list,2022-04-27 05:31:47.477982,aaba69e43fef80cc7052287a
butac.it,AVAILABILITY,origin.list,origin.list,2022-04-27 05:31:47.488421,aaba69e43fef80cc7052287a
businessonline.it,AVAILABILITY,origin.list,origin.list,2022-04-27 05:31:48.024743,aaba69e43fef80cc7052287a
buzzfeednews.com,AVAILABILITY,origin.list,origin.list,2022-04-27 05:31:48.286338,aaba69e43fef80cc7052287a
calabria.weboggi.it,AVAILABILITY,origin.list,origin.list,2022-04-27 05:31:50.290093,aaba69e43fef80cc7052287a
calcioblog.it,AVAILABILITY,origin.list,origin.list,2022-04-27 05:31:50.905787,aaba69e43fef80cc7052287a
calciomercato.com,AVAILABILITY,origin.list,origin.list,2022-04-27 05:31:51.897244,aaba69e43fef80cc7052287a
calcionews24.com,AVAILABILITY,origin.list,origin.list,2022-04-27 05:31:53.188139,aaba69e43fef80cc7052287a
calcionapoli24.it,AVAILABILITY,origin.list,origin.list,2022-04-27 05:31:53.289309,aaba69e43fef80cc7052287a
calendario-365.it,AVAILABILITY,origin.list,origin.list,2022-04-27 05:31:53.404515,aaba69e43fef80cc7052287a
calendari2012.com,AVAILABILITY,origin.list,origin.list,2022-04-27 05:31:53.478339,aaba69e43fef80cc7052287a
camelcamelcamel.com,AVAILABILITY,origin.list,origin.list,2022-04-27 05:31:54.680361,aaba69e43fef80cc7052287a
cas.eu.criteo.com,AVAILABILITY,origin.list,origin.list,2022-04-27 05:31:55.719105,aaba69e43fef80cc7052287a
cam4.com,AVAILABILITY,origin.list,origin.list,2022-04-27 05:31:55.973717,aaba69e43fef80cc7052287a
catanista.eu,AVAILABILITY,origin.list,origin.list,2022-04-27 05:31:56.509954,aaba69e43fef80cc7052287a
cambro.tv,AVAILABILITY,origin.list,origin.list,2022-04-27 05:31:56.786791,aaba69e43fef80cc7052287a
catanzaroinforma.it,AVAILABILITY,origin.list,origin.list,2022-04-27 05:32:00.868326,aaba69e43fef80cc7052287a
chandoo.org,AVAILABILITY,origin.list,origin.list,2022-04-27 05:32:03.521090,aaba69e43fef80cc7052287a
cb01.org,AVAILABILITY,origin.list,origin.list,2022-04-27 05:32:03.746641,aaba69e43fef80cc7052287a
ccm.net,AVAILABILITY,origin.list,origin.list,2022-04-27 05:32:03.982080,aaba69e43fef80cc7052287a
cfos.de,AVAILABILITY,origin.list,origin.list,2022-04-27 05:32:05.165907,aaba69e43fef80cc7052287a
check-host.net,AVAILABILITY,origin.list,origin.list,2022-04-27 05:32:06.074845,aaba69e43fef80cc7052287a
channel4.com,AVAILABILITY,origin.list,origin.list,2022-04-27 05:32:06.385774,aaba69e43fef80cc7052287a
chip.eu,AVAILABILITY,origin.list,origin.list,2022-04-27 05:32:09.306356,aaba69e43fef80cc7052287a
chimerarevo.com,AVAILABILITY,origin.list,origin.list,2022-04-27 05:32:09.716164,aaba69e43fef80cc7052287a
chomikuj.pl,AVAILABILITY,origin.list,origin.list,2022-04-27 05:32:10.622377,aaba69e43fef80cc7052287a
cineblog.it,AVAILABILITY,origin.list,origin.list,2022-04-27 05:32:11.989188,aaba69e43fef80cc7052287a
cinema.sky.it,AVAILABILITY,origin.list,origin.list,2022-04-27 05:32:12.417948,aaba69e43fef80cc7052287a
cittaceleste.it,AVAILABILITY,origin.list,origin.list,2022-04-27 05:32:13.074361,aaba69e43fef80cc7052287a
classifiche.mtv.it,AVAILABILITY,origin.list,origin.list,2022-04-27 05:32:13.497109,aaba69e43fef80cc7052287a
classifichemusica.com,AVAILABILITY,origin.list,origin.list,2022-04-27 05:32:14.493409,aaba69e43fef80cc7052287a
clz3.net,AVAILABILITY,origin.list,origin.list,2022-04-27 05:32:15.895858,aaba69e43fef80cc7052287a
cliccalavoro.it,AVAILABILITY,origin.list,origin.list,2022-04-27 05:32:17.074856,aaba69e43fef80cc7052287a
cnet.com,AVAILABILITY,origin.list,origin.list,2022-04-27 05:32:22.487278,aaba69e43fef80cc7052287a
code.tutsplus.com,AVAILABILITY,origin.list,origin.list,2022-04-27 05:32:23.792806,aaba69e43fef80cc7052287a
codeforgeek.com,AVAILABILITY,origin.list,origin.list,2022-04-27 05:32:25.388391,aaba69e43fef80cc7052287a
cn24tv.it,AVAILABILITY,origin.list,origin.list,2022-04-27 05:32:25.808618,aaba69e43fef80cc7052287a
codeproject.com,AVAILABILITY,origin.list,origin.list,2022-04-27 05:32:26.104637,aaba69e43fef80cc7052287a
coinmarketcap.com,AVAILABILITY,origin.list,origin.list,2022-04-27 05:32:26.204795,aaba69e43fef80cc7052287a
color-hex.com,AVAILABILITY,origin.list,origin.list,2022-04-27 05:32:27.246354,aaba69e43fef80cc7052287a
cokeandpopcorn.ch,AVAILABILITY,origin.list,origin.list,2022-04-27 05:32:27.351037,aaba69e43fef80cc7052287a
colorburned.com,AVAILABILITY,origin.list,origin.list,2022-04-27 05:32:29.134003,aaba69e43fef80cc7052287a
comesiscrive.it,AVAILABILITY,origin.list,origin.list,2022-04-27 05:32:29.903356,aaba69e43fef80cc7052287a
comingsoon.it,AVAILABILITY,origin.list,origin.list,2022-04-27 05:32:30.919175,aaba69e43fef80cc7052287a
community.spiceworks.com,AVAILABILITY,origin.list,origin.list,2022-04-27 05:32:33.094556,aaba69e43fef80cc7052287a
compgroups.net,AVAILABILITY,origin.list,origin.list,2022-04-27 05:32:34.184235,aaba69e43fef80cc7052287a
compnetworking.about.com,AVAILABILITY,origin.list,origin.list,2022-04-27 05:32:34.473114,aaba69e43fef80cc7052287a
commentimemorabili.it,AVAILABILITY,origin.list,origin.list,2022-04-27 05:32:34.880040,aaba69e43fef80cc7052287a
computers.tutsplus.com,AVAILABILITY,origin.list,origin.list,2022-04-27 05:32:36.235539,aaba69e43fef80cc7052287a
computerandvideogames.com,AVAILABILITY,origin.list,origin.list,2022-04-27 05:32:36.458350,aaba69e43fef80cc7052287a
comprovendo.secondamano.it,AVAILABILITY,origin.list,origin.list,2022-04-27 05:32:37.197825,aaba69e43fef80cc7052287a
computerworld.com,AVAILABILITY,origin.list,origin.list,2022-04-27 05:32:37.996168,aaba69e43fef80cc7052287a
computing.net,AVAILABILITY,origin.list,origin.list,2022-04-27 05:32:38.569799,aaba69e43fef80cc7052287a
condominioweb.com,AVAILABILITY,origin.list,origin.list,2022-04-27 05:32:39.504884,aaba69e43fef80cc7052287a
contacaratteri.it,AVAILABILITY,origin.list,origin.list,2022-04-27 05:32:39.998970,aaba69e43fef80cc7052287a
corriere.it,AVAILABILITY,origin.list,origin.list,2022-04-27 05:32:41.246524,aaba69e43fef80cc7052287a
consumatore.tgcom24.it,AVAILABILITY,origin.list,origin.list,2022-04-27 05:32:41.614065,aaba69e43fef80cc7052287a
corrieredellacalabria.it,AVAILABILITY,origin.list,origin.list,2022-04-27 05:32:44.537634,aaba69e43fef80cc7052287a
corrieredellosport.it,AVAILABILITY,origin.list,origin.list,2022-04-27 05:32:47.189368,aaba69e43fef80cc7052287a
cosenascoste.com,AVAILABILITY,origin.list,origin.list,2022-04-27 05:32:48.327072,aaba69e43fef80cc7052287a
cosedicasa.com,AVAILABILITY,origin.list,origin.list,2022-04-27 05:32:49.331132,aaba69e43fef80cc7052287a
crackberry.com,AVAILABILITY,origin.list,origin.list,2022-04-27 05:32:49.348254,aaba69e43fef80cc7052287a
coupon.groupalia.it,AVAILABILITY,origin.list,origin.list,2022-04-27 05:32:49.394548,aaba69e43fef80cc7052287a
creativemac.com,AVAILABILITY,origin.list,origin.list,2022-04-27 05:32:50.657335,aaba69e43fef80cc7052287a
ctrl.blog,AVAILABILITY,origin.list,origin.list,2022-04-27 05:32:53.181827,aaba69e43fef80cc7052287a
cuckolditaliani.com,AVAILABILITY,origin.list,origin.list,2022-04-27 05:32:53.465482,aaba69e43fef80cc7052287a
cupmagazine.com,AVAILABILITY,origin.list,origin.list,2022-04-27 05:32:54.200250,aaba69e43fef80cc7052287a
cultofmac.com,AVAILABILITY,origin.list,origin.list,2022-04-27 05:32:54.582637,aaba69e43fef80cc7052287a
cricfree.sx,AVAILABILITY,origin.list,origin.list,2022-04-27 05:32:54.635014,aaba69e43fef80cc7052287a
da-ads.com,AVAILABILITY,origin.list,origin.list,2022-04-27 05:32:55.432293,aaba69e43fef80cc7052287a
curse.com,AVAILABILITY,origin.list,origin.list,2022-04-27 05:32:55.690959,aaba69e43fef80cc7052287a
custom.simplemachines.org,AVAILABILITY,origin.list,origin.list,2022-04-27 05:32:55.704974,aaba69e43fef80cc7052287a
cwi.it,AVAILABILITY,origin.list,origin.list,2022-04-27 05:32:56.819799,aaba69e43fef80cc7052287a
dagospia.com,AVAILABILITY,origin.list,origin.list,2022-04-27 05:32:58.025479,aaba69e43fef80cc7052287a
dailybest.it,AVAILABILITY,origin.list,origin.list,2022-04-27 05:32:58.588538,aaba69e43fef80cc7052287a
dailydot.com,AVAILABILITY,origin.list,origin.list,2022-04-27 05:32:59.430583,aaba69e43fef80cc7052287a
dailygame.net,AVAILABILITY,origin.list,origin.list,2022-04-27 05:33:00.200196,aaba69e43fef80cc7052287a
dailymail.co.uk,AVAILABILITY,origin.list,origin.list,2022-04-27 05:33:00.903683,aaba69e43fef80cc7052287a
daniweb.com,AVAILABILITY,origin.list,origin.list,2022-04-27 05:33:02.285193,aaba69e43fef80cc7052287a
dasolo.org,AVAILABILITY,origin.list,origin.list,2022-04-27 05:33:02.341825,aaba69e43fef80cc7052287a
datei.to,AVAILABILITY,origin.list,origin.list,2022-04-27 05:33:03.202382,aaba69e43fef80cc7052287a
dday.it,AVAILABILITY,origin.list,origin.list,2022-04-27 05:33:06.087420,aaba69e43fef80cc7052287a
ddunlimited.net,AVAILABILITY,origin.list,origin.list,2022-04-27 05:33:07.887257,aaba69e43fef80cc7052287a
dduniverse.net,AVAILABILITY,origin.list,origin.list,2022-04-27 05:33:07.910581,aaba69e43fef80cc7052287a
del.icio.us,AVAILABILITY,origin.list,origin.list,2022-04-27 05:33:09.076204,aaba69e43fef80cc7052287a
delicious.com,AVAILABILITY,origin.list,origin.list,2022-04-27 05:33:09.764145,aaba69e43fef80cc7052287a
delftstack.com,AVAILABILITY,origin.list,origin.list,2022-04-27 05:33:10.070301,aaba69e43fef80cc7052287a
dellwindowsreinstallationguide.com,AVAILABILITY,origin.list,origin.list,2022-04-27 05:33:12.290516,aaba69e43fef80cc7052287a
deviantart.com,AVAILABILITY,origin.list,origin.list,2022-04-27 05:33:13.765242,aaba69e43fef80cc7052287a
depositfiles.com,AVAILABILITY,origin.list,origin.list,2022-04-27 05:33:14.329358,aaba69e43fef80cc7052287a
dailygreen.it,AVAILABILITY,origin.list,origin.list,2022-04-27 05:33:14.481888,aaba69e43fef80cc7052287a
diarioinenglish.com,AVAILABILITY,origin.list,origin.list,2022-04-27 05:33:15.983257,aaba69e43fef80cc7052287a
digital-sat.it,AVAILABILITY,origin.list,origin.list,2022-04-27 05:33:16.805085,aaba69e43fef80cc7052287a
dictionnaire.sensagent.com,AVAILABILITY,origin.list,origin.list,2022-04-27 05:33:16.982460,aaba69e43fef80cc7052287a
diffchecker.com,AVAILABILITY,origin.list,origin.list,2022-04-27 05:33:17.252456,aaba69e43fef80cc7052287a
dfiles.eu,AVAILABILITY,origin.list,origin.list,2022-04-27 05:33:17.362988,aaba69e43fef80cc7052287a
digitalcitizen.life,AVAILABILITY,origin.list,origin.list,2022-04-27 05:33:25.248950,aaba69e43fef80cc7052287a
digitaltrends.com,AVAILABILITY,origin.list,origin.list,2022-04-27 05:33:25.613230,aaba69e43fef80cc7052287a
diigo.com,AVAILABILITY,origin.list,origin.list,2022-04-27 05:33:27.204212,aaba69e43fef80cc7052287a
dilei.it,AVAILABILITY,origin.list,origin.list,2022-04-27 05:33:28.825443,aaba69e43fef80cc7052287a
digitalangel.it,AVAILABILITY,origin.list,origin.list,2022-04-27 05:33:29.550782,aaba69e43fef80cc7052287a
direttastreaming.com,AVAILABILITY,origin.list,origin.list,2022-04-27 05:33:30.839872,aaba69e43fef80cc7052287a
diretta.it,AVAILABILITY,origin.list,origin.list,2022-04-27 05:33:31.163743,aaba69e43fef80cc7052287a
dissapore.com,AVAILABILITY,origin.list,origin.list,2022-04-27 05:33:37.974563,aaba69e43fef80cc7052287a
diritto24.ilsole24ore.com,AVAILABILITY,origin.list,origin.list,2022-04-27 05:33:38.422859,aaba69e43fef80cc7052287a
distractify.com,AVAILABILITY,origin.list,origin.list,2022-04-27 05:33:39.396560,aaba69e43fef80cc7052287a
documoo.tv,AVAILABILITY,origin.list,origin.list,2022-04-27 05:33:41.951083,aaba69e43fef80cc7052287a
doodle.com,AVAILABILITY,origin.list,origin.list,2022-04-27 05:33:44.662579,aaba69e43fef80cc7052287a
downdetector.com,AVAILABILITY,origin.list,origin.list,2022-04-27 05:33:45.217580,aaba69e43fef80cc7052287a
downdetector.it,AVAILABILITY,origin.list,origin.list,2022-04-27 05:33:45.742814,aaba69e43fef80cc7052287a
downforeveryoneorjustme.com,AVAILABILITY,origin.list,origin.list,2022-04-27 05:33:56.089233,aaba69e43fef80cc7052287a
download.cnet.com,AVAILABILITY,origin.list,origin.list,2022-04-27 05:33:57.301537,aaba69e43fef80cc7052287a
download.chip.eu,AVAILABILITY,origin.list,origin.list,2022-04-27 05:33:57.514870,aaba69e43fef80cc7052287a
dosgamesarchive.com,AVAILABILITY,origin.list,origin.list,2022-04-27 05:33:58.185709,aaba69e43fef80cc7052287a
downloadblog.it,AVAILABILITY,origin.list,origin.list,2022-04-27 05:33:58.517246,aaba69e43fef80cc7052287a
dphoneworld.net,AVAILABILITY,origin.list,origin.list,2022-04-27 05:33:59.797817,aaba69e43fef80cc7052287a
downloadtimecalculator.com,AVAILABILITY,origin.list,origin.list,2022-04-27 05:34:00.428150,aaba69e43fef80cc7052287a
dreamcar.it,AVAILABILITY,origin.list,origin.list,2022-04-27 05:34:02.231049,aaba69e43fef80cc7052287a
drakulastream.eu,AVAILABILITY,origin.list,origin.list,2022-04-27 05:34:02.342434,aaba69e43fef80cc7052287a
droidviews.com,AVAILABILITY,origin.list,origin.list,2022-04-27 05:34:03.686900,aaba69e43fef80cc7052287a
dummies.com,AVAILABILITY,origin.list,origin.list,2022-04-27 05:34:08.094497,aaba69e43fef80cc7052287a
dsble.de,AVAILABILITY,origin.list,origin.list,2022-04-27 05:34:08.632110,aaba69e43fef80cc7052287a
ebay.it,AVAILABILITY,origin.list,origin.list,2022-04-27 05:34:11.291575,aaba69e43fef80cc7052287a
economist.com,AVAILABILITY,origin.list,origin.list,2022-04-27 05:34:13.009279,aaba69e43fef80cc7052287a
edge-online.com,AVAILABILITY,origin.list,origin.list,2022-04-27 05:34:13.124443,aaba69e43fef80cc7052287a
edugeek.net,AVAILABILITY,origin.list,origin.list,2022-04-27 05:34:14.794782,aaba69e43fef80cc7052287a
efrennolasco.com,AVAILABILITY,origin.list,origin.list,2022-04-27 05:34:15.622329,aaba69e43fef80cc7052287a
editorialedomani.it,AVAILABILITY,origin.list,origin.list,2022-04-27 05:34:17.171995,aaba69e43fef80cc7052287a
egotastic.com,AVAILABILITY,origin.list,origin.list,2022-04-27 05:34:18.633451,aaba69e43fef80cc7052287a
ehow.com,AVAILABILITY,origin.list,origin.list,2022-04-27 05:34:19.487431,aaba69e43fef80cc7052287a
emcelettronica.com,AVAILABILITY,origin.list,origin.list,2022-04-27 05:34:25.805947,aaba69e43fef80cc7052287a
email.it,AVAILABILITY,origin.list,origin.list,2022-04-27 05:34:26.879251,aaba69e43fef80cc7052287a
emiliameteo.net,AVAILABILITY,origin.list,origin.list,2022-04-27 05:34:27.533632,aaba69e43fef80cc7052287a
emojipedia.org,AVAILABILITY,origin.list,origin.list,2022-04-27 05:34:28.347291,aaba69e43fef80cc7052287a
emuparadise.me,AVAILABILITY,origin.list,origin.list,2022-04-27 05:34:30.306156,aaba69e43fef80cc7052287a
engadget.com,AVAILABILITY,origin.list,origin.list,2022-04-27 05:34:32.641782,aaba69e43fef80cc7052287a
engage.it,AVAILABILITY,origin.list,origin.list,2022-04-27 05:34:34.612839,aaba69e43fef80cc7052287a
eplaza.it,AVAILABILITY,origin.list,origin.list,2022-04-27 05:34:37.307971,aaba69e43fef80cc7052287a
eprice.it,AVAILABILITY,origin.list,origin.list,2022-04-27 05:34:38.330176,aaba69e43fef80cc7052287a
esquire.com,AVAILABILITY,origin.list,origin.list,2022-04-27 05:34:38.744741,aaba69e43fef80cc7052287a
estense.com,AVAILABILITY,origin.list,origin.list,2022-04-27 05:34:39.400118,aaba69e43fef80cc7052287a
esetnod32keys4free.com,AVAILABILITY,origin.list,origin.list,2022-04-27 05:34:39.672453,aaba69e43fef80cc7052287a
eurogamer.it,AVAILABILITY,origin.list,origin.list,2022-04-27 05:34:41.342219,aaba69e43fef80cc7052287a
enterpriseios.com,AVAILABILITY,origin.list,origin.list,2022-04-27 05:34:42.712301,aaba69e43fef80cc7052287a
eurogamer.net,AVAILABILITY,origin.list,origin.list,2022-04-27 05:34:43.024273,aaba69e43fef80cc7052287a
everyeye.it,AVAILABILITY,origin.list,origin.list,2022-04-27 05:34:45.349339,aaba69e43fef80cc7052287a
experts-exchange.com,AVAILABILITY,origin.list,origin.list,2022-04-27 05:34:46.589166,aaba69e43fef80cc7052287a
excite.it,AVAILABILITY,origin.list,origin.list,2022-04-27 05:34:47.238589,aaba69e43fef80cc7052287a
explosm.net,AVAILABILITY,origin.list,origin.list,2022-04-27 05:34:56.455567,aaba69e43fef80cc7052287a
extratorrent.cc,AVAILABILITY,origin.list,origin.list,2022-04-27 05:34:56.467416,aaba69e43fef80cc7052287a
eurosport.yahoo.com,AVAILABILITY,origin.list,origin.list,2022-04-27 05:34:56.614498,aaba69e43fef80cc7052287a
evomagazine.it,AVAILABILITY,origin.list,origin.list,2022-04-27 05:34:57.560327,aaba69e43fef80cc7052287a
faccedagioco.com,AVAILABILITY,origin.list,origin.list,2022-04-27 05:34:58.776827,aaba69e43fef80cc7052287a
fakeupdate.net,AVAILABILITY,origin.list,origin.list,2022-04-27 05:34:59.795084,aaba69e43fef80cc7052287a
fanpage.it,AVAILABILITY,origin.list,origin.list,2022-04-27 05:35:01.688731,aaba69e43fef80cc7052287a
fantagazzetta.com,AVAILABILITY,origin.list,origin.list,2022-04-27 05:35:03.526557,aaba69e43fef80cc7052287a
fastcompany.com,AVAILABILITY,origin.list,origin.list,2022-04-27 05:35:05.131424,aaba69e43fef80cc7052287a
exchangetips.us,AVAILABILITY,origin.list,origin.list,2022-04-27 05:35:05.673026,aaba69e43fef80cc7052287a
fastvideo.me,AVAILABILITY,origin.list,origin.list,2022-04-27 05:35:06.719793,aaba69e43fef80cc7052287a
fastmail.fastwebnet.it,AVAILABILITY,origin.list,origin.list,2022-04-27 05:35:06.996457,aaba69e43fef80cc7052287a
fattoincasadabenedetta.it,AVAILABILITY,origin.list,origin.list,2022-04-27 05:35:08.383671,aaba69e43fef80cc7052287a
fastweb.it,AVAILABILITY,origin.list,origin.list,2022-04-27 05:35:09.844307,aaba69e43fef80cc7052287a
fcinternews.it,AVAILABILITY,origin.list,origin.list,2022-04-27 05:35:10.705352,aaba69e43fef80cc7052287a
feedly.com,AVAILABILITY,origin.list,origin.list,2022-04-27 05:35:11.072358,aaba69e43fef80cc7052287a
fcitalia.com,AVAILABILITY,origin.list,origin.list,2022-04-27 05:35:11.714420,aaba69e43fef80cc7052287a
fileforum.betanews.com,AVAILABILITY,origin.list,origin.list,2022-04-27 05:35:12.447777,aaba69e43fef80cc7052287a
filearning.com,AVAILABILITY,origin.list,origin.list,2022-04-27 05:35:12.465203,aaba69e43fef80cc7052287a
filehippo.com,AVAILABILITY,origin.list,origin.list,2022-04-27 05:35:13.091570,aaba69e43fef80cc7052287a
filepi.com,AVAILABILITY,origin.list,origin.list,2022-04-27 05:35:14.567987,aaba69e43fef80cc7052287a
filehorse.com,AVAILABILITY,origin.list,origin.list,2022-04-27 05:35:14.663477,aaba69e43fef80cc7052287a
fileinfo.com,AVAILABILITY,origin.list,origin.list,2022-04-27 05:35:15.009383,aaba69e43fef80cc7052287a
filesharingtalk.com,AVAILABILITY,origin.list,origin.list,2022-04-27 05:35:15.178128,aaba69e43fef80cc7052287a
filesonic.it,AVAILABILITY,origin.list,origin.list,2022-04-27 05:35:16.683225,aaba69e43fef80cc7052287a
film-stream.tv,AVAILABILITY,origin.list,origin.list,2022-04-27 05:35:17.388062,aaba69e43fef80cc7052287a
filmze-streamiz.com,AVAILABILITY,origin.list,origin.list,2022-04-27 05:35:19.928644,aaba69e43fef80cc7052287a
filmstream.me,AVAILABILITY,origin.list,origin.list,2022-04-27 05:35:27.853644,aaba69e43fef80cc7052287a
finanza.com,AVAILABILITY,origin.list,origin.list,2022-04-27 05:35:27.874485,aaba69e43fef80cc7052287a
findicons.com,AVAILABILITY,origin.list,origin.list,2022-04-27 05:35:29.396383,aaba69e43fef80cc7052287a
firedrive.com,AVAILABILITY,origin.list,origin.list,2022-04-27 05:35:30.103212,aaba69e43fef80cc7052287a
fiscotasse.blogspot.it,AVAILABILITY,origin.list,origin.list,2022-04-27 05:35:31.743672,aaba69e43fef80cc7052287a
flashx.tv,AVAILABILITY,origin.list,origin.list,2022-04-27 05:35:33.660176,aaba69e43fef80cc7052287a
filestube.com,AVAILABILITY,origin.list,origin.list,2022-04-27 05:35:36.739054,aaba69e43fef80cc7052287a
flaticon.com,AVAILABILITY,origin.list,origin.list,2022-04-27 05:35:39.930039,aaba69e43fef80cc7052287a
flickr.com,AVAILABILITY,origin.list,origin.list,2022-04-27 05:35:41.060516,aaba69e43fef80cc7052287a
flightradar24.com,AVAILABILITY,origin.list,origin.list,2022-04-27 05:35:42.658093,aaba69e43fef80cc7052287a
fogliata.net,AVAILABILITY,origin.list,origin.list,2022-04-27 05:35:43.016114,aaba69e43fef80cc7052287a
fontawesome.com,AVAILABILITY,origin.list,origin.list,2022-04-27 05:35:43.159807,aaba69e43fef80cc7052287a
forbes.com,AVAILABILITY,origin.list,origin.list,2022-04-27 05:35:44.819365,aaba69e43fef80cc7052287a
fortune.com,AVAILABILITY,origin.list,origin.list,2022-04-27 05:35:46.444341,aaba69e43fef80cc7052287a
forensicfocus.com,AVAILABILITY,origin.list,origin.list,2022-04-27 05:35:47.495247,aaba69e43fef80cc7052287a
food24.ilsole24ore.com,AVAILABILITY,origin.list,origin.list,2022-04-27 05:35:47.565907,aaba69e43fef80cc7052287a
forum.alfemminile.com,AVAILABILITY,origin.list,origin.list,2022-04-27 05:35:48.119661,aaba69e43fef80cc7052287a
forum.iphoneitalia.com,AVAILABILITY,origin.list,origin.list,2022-04-27 05:35:49.400582,aaba69e43fef80cc7052287a
forum.html.it,AVAILABILITY,origin.list,origin.list,2022-04-27 05:35:49.620629,aaba69e43fef80cc7052287a
forum.notebookreview.com,AVAILABILITY,origin.list,origin.list,2022-04-27 05:35:49.741594,aaba69e43fef80cc7052287a
forum.swzone.it,AVAILABILITY,origin.list,origin.list,2022-04-27 05:35:52.840747,aaba69e43fef80cc7052287a
forum.telefonino.net,AVAILABILITY,origin.list,origin.list,2022-04-27 05:35:53.224905,aaba69e43fef80cc7052287a
forum.xda-developers.com,AVAILABILITY,origin.list,origin.list,2022-04-27 05:35:55.542295,aaba69e43fef80cc7052287a
forum.videohelp.com,AVAILABILITY,origin.list,origin.list,2022-04-27 05:35:55.932877,aaba69e43fef80cc7052287a
forum.wininizio.it,AVAILABILITY,origin.list,origin.list,2022-04-27 05:35:57.038343,aaba69e43fef80cc7052287a
forumfree.it,AVAILABILITY,origin.list,origin.list,2022-04-27 05:35:57.931439,aaba69e43fef80cc7052287a
forums.androidcentral.com,AVAILABILITY,origin.list,origin.list,2022-04-27 05:35:58.151578,aaba69e43fef80cc7052287a
forums.macrumors.com,AVAILABILITY,origin.list,origin.list,2022-04-27 05:35:59.026462,aaba69e43fef80cc7052287a
forums.msexchange.org,AVAILABILITY,origin.list,origin.list,2022-04-27 05:35:59.071862,aaba69e43fef80cc7052287a
fossbytes.com,AVAILABILITY,origin.list,origin.list,2022-04-27 05:36:00.460002,aaba69e43fef80cc7052287a
forums.techguy.org,AVAILABILITY,origin.list,origin.list,2022-04-27 05:36:01.714836,aaba69e43fef80cc7052287a
foursquareitalia.org,AVAILABILITY,origin.list,origin.list,2022-04-27 05:36:01.974124,aaba69e43fef80cc7052287a
foxtv.it,AVAILABILITY,origin.list,origin.list,2022-04-27 05:36:02.635808,aaba69e43fef80cc7052287a
franchiseherald.com,AVAILABILITY,origin.list,origin.list,2022-04-27 05:36:03.912222,aaba69e43fef80cc7052287a
francescocosta.net,AVAILABILITY,origin.list,origin.list,2022-04-27 05:36:04.424493,aaba69e43fef80cc7052287a
freemake.com,AVAILABILITY,origin.list,origin.list,2022-04-27 05:36:04.481714,aaba69e43fef80cc7052287a
freemodding.it,AVAILABILITY,origin.list,origin.list,2022-04-27 05:36:04.974953,aaba69e43fef80cc7052287a
freeonline.org,AVAILABILITY,origin.list,origin.list,2022-04-27 05:36:06.444615,aaba69e43fef80cc7052287a
freeroms.com,AVAILABILITY,origin.list,origin.list,2022-04-27 05:36:07.739252,aaba69e43fef80cc7052287a
freeware-pdf-unlocker.softonic.it,AVAILABILITY,origin.list,origin.list,2022-04-27 05:36:08.030495,aaba69e43fef80cc7052287a
fruji.com,AVAILABILITY,origin.list,origin.list,2022-04-27 05:36:09.481041,aaba69e43fef80cc7052287a
fullstuff.net,AVAILABILITY,origin.list,origin.list,2022-04-27 05:36:11.719893,aaba69e43fef80cc7052287a
ft.com,AVAILABILITY,origin.list,origin.list,2022-04-27 05:36:11.920898,aaba69e43fef80cc7052287a
game-experience.it,AVAILABILITY,origin.list,origin.list,2022-04-27 05:36:14.357411,aaba69e43fef80cc7052287a
gadget.wired.it,AVAILABILITY,origin.list,origin.list,2022-04-27 05:36:14.466799,aaba69e43fef80cc7052287a
gadgethacks.com,AVAILABILITY,origin.list,origin.list,2022-04-27 05:36:15.343045,aaba69e43fef80cc7052287a
gamepal.it,AVAILABILITY,origin.list,origin.list,2022-04-27 05:36:17.373389,aaba69e43fef80cc7052287a
gamefront.com,AVAILABILITY,origin.list,origin.list,2022-04-27 05:36:18.083490,aaba69e43fef80cc7052287a
gamemag.it,AVAILABILITY,origin.list,origin.list,2022-04-27 05:36:20.338585,aaba69e43fef80cc7052287a
games.hdblog.it,AVAILABILITY,origin.list,origin.list,2022-04-27 05:36:21.305852,aaba69e43fef80cc7052287a
gamesnostalgia.com,AVAILABILITY,origin.list,origin.list,2022-04-27 05:36:22.071053,aaba69e43fef80cc7052287a
gamesource.it,AVAILABILITY,origin.list,origin.list,2022-04-27 05:36:22.511020,aaba69e43fef80cc7052287a
games.it,AVAILABILITY,origin.list,origin.list,2022-04-27 05:36:22.761416,aaba69e43fef80cc7052287a
gamesradar.com,AVAILABILITY,origin.list,origin.list,2022-04-27 05:36:24.614133,aaba69e43fef80cc7052287a
gamestop.it,AVAILABILITY,origin.list,origin.list,2022-04-27 05:36:27.057848,aaba69e43fef80cc7052287a
gamesurf.tiscali.it,AVAILABILITY,origin.list,origin.list,2022-04-27 05:36:27.671554,aaba69e43fef80cc7052287a
gazzetta.it,AVAILABILITY,origin.list,origin.list,2022-04-27 05:36:30.616703,aaba69e43fef80cc7052287a
gamona.de,AVAILABILITY,origin.list,origin.list,2022-04-27 05:36:32.185187,aaba69e43fef80cc7052287a
gcemetery.co,AVAILABILITY,origin.list,origin.list,2022-04-27 05:36:34.107430,aaba69e43fef80cc7052287a
gazzettadiparma.it,AVAILABILITY,origin.list,origin.list,2022-04-27 05:36:35.657022,aaba69e43fef80cc7052287a
geekissimo.com,AVAILABILITY,origin.list,origin.list,2022-04-27 05:36:37.355910,aaba69e43fef80cc7052287a
general-files.org,AVAILABILITY,origin.list,origin.list,2022-04-27 05:36:37.650288,aaba69e43fef80cc7052287a
getbootstrap.com,AVAILABILITY,origin.list,origin.list,2022-04-27 05:36:38.798319,aaba69e43fef80cc7052287a
getemoji.com,AVAILABILITY,origin.list,origin.list,2022-04-27 05:36:39.848726,aaba69e43fef80cc7052287a
gilsmethod.com,AVAILABILITY,origin.list,origin.list,2022-04-27 05:36:41.775371,aaba69e43fef80cc7052287a
giochi.tuttogratis.it,AVAILABILITY,origin.list,origin.list,2022-04-27 05:36:42.659014,aaba69e43fef80cc7052287a
giorgiotave.it,AVAILABILITY,origin.list,origin.list,2022-04-27 05:36:43.563521,aaba69e43fef80cc7052287a
gioxx.org,AVAILABILITY,origin.list,origin.list,2022-04-27 05:36:44.516615,aaba69e43fef80cc7052287a
giornalettismo.com,AVAILABILITY,origin.list,origin.list,2022-04-27 05:36:44.931076,aaba69e43fef80cc7052287a
gizmodo.com,AVAILABILITY,origin.list,origin.list,2022-04-27 05:36:45.835326,aaba69e43fef80cc7052287a
ghacks.net,AVAILABILITY,origin.list,origin.list,2022-04-27 05:36:48.389863,aaba69e43fef80cc7052287a
goldesel.to,AVAILABILITY,origin.list,origin.list,2022-04-27 05:36:49.222508,aaba69e43fef80cc7052287a
google.com,AVAILABILITY,origin.list,origin.list,2022-04-27 05:36:52.153325,aaba69e43fef80cc7052287a
google.it,AVAILABILITY,origin.list,origin.list,2022-04-27 05:36:55.251771,aaba69e43fef80cc7052287a
gqitalia.it,AVAILABILITY,origin.list,origin.list,2022-04-27 05:36:57.981891,aaba69e43fef80cc7052287a
gottabemobile.com,AVAILABILITY,origin.list,origin.list,2022-04-27 05:36:57.990093,aaba69e43fef80cc7052287a
gpone.com,AVAILABILITY,origin.list,origin.list,2022-04-27 05:36:58.707788,aaba69e43fef80cc7052287a
greasyfork.org,AVAILABILITY,origin.list,origin.list,2022-04-27 05:37:01.634135,aaba69e43fef80cc7052287a
gravidanzaonline.it,AVAILABILITY,origin.list,origin.list,2022-04-27 05:37:01.839787,aaba69e43fef80cc7052287a
graphberry.com,AVAILABILITY,origin.list,origin.list,2022-04-27 05:37:02.091543,aaba69e43fef80cc7052287a
groupon.it,AVAILABILITY,origin.list,origin.list,2022-04-27 05:37:03.716950,aaba69e43fef80cc7052287a
greenme.it,AVAILABILITY,origin.list,origin.list,2022-04-27 05:37:03.982908,aaba69e43fef80cc7052287a
groups.yahoo.com,AVAILABILITY,origin.list,origin.list,2022-04-27 05:37:04.417914,aaba69e43fef80cc7052287a
gsmarena.com,AVAILABILITY,origin.list,origin.list,2022-04-27 05:37:05.954125,aaba69e43fef80cc7052287a
guardian.co.uk,AVAILABILITY,origin.list,origin.list,2022-04-27 05:37:06.008121,aaba69e43fef80cc7052287a
guidaacquisti.net,AVAILABILITY,origin.list,origin.list,2022-04-27 05:37:08.645493,aaba69e43fef80cc7052287a
guidatv.sky.it,AVAILABILITY,origin.list,origin.list,2022-04-27 05:37:08.695791,aaba69e43fef80cc7052287a
guidafisco.it,AVAILABILITY,origin.list,origin.list,2022-04-27 05:37:10.078569,aaba69e43fef80cc7052287a
h-online.com,AVAILABILITY,origin.list,origin.list,2022-04-27 05:37:10.889935,aaba69e43fef80cc7052287a
gurustop.net,AVAILABILITY,origin.list,origin.list,2022-04-27 05:37:11.405616,aaba69e43fef80cc7052287a
h33t.com,AVAILABILITY,origin.list,origin.list,2022-04-27 05:37:11.492679,aaba69e43fef80cc7052287a
gumtree.com,AVAILABILITY,origin.list,origin.list,2022-04-27 05:37:11.559573,aaba69e43fef80cc7052287a
hackerspace.kinja.com,AVAILABILITY,origin.list,origin.list,2022-04-27 05:37:13.620531,aaba69e43fef80cc7052287a
hardreset.info,AVAILABILITY,origin.list,origin.list,2022-04-27 05:37:15.594278,aaba69e43fef80cc7052287a
hattrick.org,AVAILABILITY,origin.list,origin.list,2022-04-27 05:37:16.746368,aaba69e43fef80cc7052287a
haydenjames.io,AVAILABILITY,origin.list,origin.list,2022-04-27 05:37:17.709905,aaba69e43fef80cc7052287a
guidamonaci.it,AVAILABILITY,origin.list,origin.list,2022-04-27 05:37:18.511622,aaba69e43fef80cc7052287a
helpdeskgeek.com,AVAILABILITY,origin.list,origin.list,2022-04-27 05:37:20.135212,aaba69e43fef80cc7052287a
hints.macworld.com,AVAILABILITY,origin.list,origin.list,2022-04-27 05:37:20.215372,aaba69e43fef80cc7052287a
hdblog.it,AVAILABILITY,origin.list,origin.list,2022-04-27 05:37:20.248505,aaba69e43fef80cc7052287a
headadmin.net,AVAILABILITY,origin.list,origin.list,2022-04-27 05:37:21.349693,aaba69e43fef80cc7052287a
hongkiat.com,AVAILABILITY,origin.list,origin.list,2022-04-27 05:37:22.033632,aaba69e43fef80cc7052287a
hotscripts.com,AVAILABILITY,origin.list,origin.list,2022-04-27 05:37:23.763342,aaba69e43fef80cc7052287a
hostingtalk.it,AVAILABILITY,origin.list,origin.list,2022-04-27 05:37:24.818359,aaba69e43fef80cc7052287a
howsecureismypassword.net,AVAILABILITY,origin.list,origin.list,2022-04-27 05:37:25.183577,aaba69e43fef80cc7052287a
howtl.com,AVAILABILITY,origin.list,origin.list,2022-04-27 05:37:25.364773,aaba69e43fef80cc7052287a
howto-outlook.com,AVAILABILITY,origin.list,origin.list,2022-04-27 05:37:25.707751,aaba69e43fef80cc7052287a
howtogeek.com,AVAILABILITY,origin.list,origin.list,2022-04-27 05:37:27.212922,aaba69e43fef80cc7052287a
htaccess-guide.com,AVAILABILITY,origin.list,origin.list,2022-04-27 05:37:27.779949,aaba69e43fef80cc7052287a
html.it,AVAILABILITY,origin.list,origin.list,2022-04-27 05:37:30.430117,aaba69e43fef80cc7052287a
huffingtonpost.com,AVAILABILITY,origin.list,origin.list,2022-04-27 05:37:31.069883,aaba69e43fef80cc7052287a
huffingtonpost.it,AVAILABILITY,origin.list,origin.list,2022-04-27 05:37:33.174153,aaba69e43fef80cc7052287a
hwdrivers.com,AVAILABILITY,origin.list,origin.list,2022-04-27 05:37:34.518960,aaba69e43fef80cc7052287a
hwupgrade.it,AVAILABILITY,origin.list,origin.list,2022-04-27 05:37:36.948494,aaba69e43fef80cc7052287a
hwlegend.com,AVAILABILITY,origin.list,origin.list,2022-04-27 05:37:38.442670,aaba69e43fef80cc7052287a
hyperspin.com,AVAILABILITY,origin.list,origin.list,2022-04-27 05:37:39.687278,aaba69e43fef80cc7052287a
iconshut.com,AVAILABILITY,origin.list,origin.list,2022-04-27 05:37:40.125146,aaba69e43fef80cc7052287a
ibtimes.co.uk,AVAILABILITY,origin.list,origin.list,2022-04-27 05:37:40.286737,aaba69e43fef80cc7052287a
iconspedia.com,AVAILABILITY,origin.list,origin.list,2022-04-27 05:37:42.407692,aaba69e43fef80cc7052287a
idownloadblog.com,AVAILABILITY,origin.list,origin.list,2022-04-27 05:37:42.625018,aaba69e43fef80cc7052287a
idealista.it,AVAILABILITY,origin.list,origin.list,2022-04-27 05:37:42.988414,aaba69e43fef80cc7052287a
ifans.com,AVAILABILITY,origin.list,origin.list,2022-04-27 05:37:45.227283,aaba69e43fef80cc7052287a
ign.com,AVAILABILITY,origin.list,origin.list,2022-04-27 05:37:45.779165,aaba69e43fef80cc7052287a
iene.mediaset.it,AVAILABILITY,origin.list,origin.list,2022-04-27 05:37:46.348378,aaba69e43fef80cc7052287a
ilcorsaronero.link,AVAILABILITY,origin.list,origin.list,2022-04-27 05:37:48.144603,aaba69e43fef80cc7052287a
igossip.it,AVAILABILITY,origin.list,origin.list,2022-04-27 05:37:48.438117,aaba69e43fef80cc7052287a
ilfattoquotidiano.it,AVAILABILITY,origin.list,origin.list,2022-04-27 05:37:50.912981,aaba69e43fef80cc7052287a
ilgiornale.it,AVAILABILITY,origin.list,origin.list,2022-04-27 05:37:54.055274,aaba69e43fef80cc7052287a
ilfoglio.it,AVAILABILITY,origin.list,origin.list,2022-04-27 05:37:54.234997,aaba69e43fef80cc7052287a
ilgarantista.it,AVAILABILITY,origin.list,origin.list,2022-04-27 05:37:54.789158,aaba69e43fef80cc7052287a
ilgazzettino.it,AVAILABILITY,origin.list,origin.list,2022-04-27 05:37:55.806647,aaba69e43fef80cc7052287a
ilive.to,AVAILABILITY,origin.list,origin.list,2022-04-27 05:37:58.107771,aaba69e43fef80cc7052287a
illumeably.com,AVAILABILITY,origin.list,origin.list,2022-04-27 05:37:59.140659,aaba69e43fef80cc7052287a
ilgiornaledivicenza.it,AVAILABILITY,origin.list,origin.list,2022-04-27 05:37:59.320928,aaba69e43fef80cc7052287a
ilmattino.it,AVAILABILITY,origin.list,origin.list,2022-04-27 05:38:02.972423,aaba69e43fef80cc7052287a
ilmessaggero.it,AVAILABILITY,origin.list,origin.list,2022-04-27 05:38:05.803907,aaba69e43fef80cc7052287a
ilmeteo.it,AVAILABILITY,origin.list,origin.list,2022-04-27 05:38:07.712682,aaba69e43fef80cc7052287a
ilmilaneseimbruttito.com,AVAILABILITY,origin.list,origin.list,2022-04-27 05:38:09.040779,aaba69e43fef80cc7052287a
ilpost.it,AVAILABILITY,origin.list,origin.list,2022-04-27 05:38:11.532932,aaba69e43fef80cc7052287a
ilquotidianodellacalabria.it,AVAILABILITY,origin.list,origin.list,2022-04-27 05:38:13.282528,aaba69e43fef80cc7052287a
ilrestodelcarlino.it,AVAILABILITY,origin.list,origin.list,2022-04-27 05:38:13.750201,aaba69e43fef80cc7052287a
ilsecoloxix.it,AVAILABILITY,origin.list,origin.list,2022-04-27 05:38:14.648981,aaba69e43fef80cc7052287a
ilsoftware.it,AVAILABILITY,origin.list,origin.list,2022-04-27 05:38:17.206201,aaba69e43fef80cc7052287a
ilquotidianodellazio.it,AVAILABILITY,origin.list,origin.list,2022-04-27 05:38:17.826410,aaba69e43fef80cc7052287a
ilsole24ore.com,AVAILABILITY,origin.list,origin.list,2022-04-27 05:38:19.554954,aaba69e43fef80cc7052287a
ilsussidiario.net,AVAILABILITY,origin.list,origin.list,2022-04-27 05:38:21.612334,aaba69e43fef80cc7052287a
iltempo.it,AVAILABILITY,origin.list,origin.list,2022-04-27 05:38:21.925218,aaba69e43fef80cc7052287a
image.online-convert.com,AVAILABILITY,origin.list,origin.list,2022-04-27 05:38:22.646197,aaba69e43fef80cc7052287a
imageshack.us,AVAILABILITY,origin.list,origin.list,2022-04-27 05:38:25.438585,aaba69e43fef80cc7052287a
imageshack.com,AVAILABILITY,origin.list,origin.list,2022-04-27 05:38:25.461910,aaba69e43fef80cc7052287a
imgur.com,AVAILABILITY,origin.list,origin.list,2022-04-27 05:38:28.977286,aaba69e43fef80cc7052287a
imdb.com,AVAILABILITY,origin.list,origin.list,2022-04-27 05:38:29.449055,aaba69e43fef80cc7052287a
imore.com,AVAILABILITY,origin.list,origin.list,2022-04-27 05:38:30.622380,aaba69e43fef80cc7052287a
inc.com,AVAILABILITY,origin.list,origin.list,2022-04-27 05:38:30.874676,aaba69e43fef80cc7052287a
immobiliare.it,AVAILABILITY,origin.list,origin.list,2022-04-27 05:38:31.740013,aaba69e43fef80cc7052287a
incesti.com,AVAILABILITY,origin.list,origin.list,2022-04-27 05:38:32.128335,aaba69e43fef80cc7052287a
incredibilia.it,AVAILABILITY,origin.list,origin.list,2022-04-27 05:38:33.209611,aaba69e43fef80cc7052287a
independent.co.uk,AVAILABILITY,origin.list,origin.list,2022-04-27 05:38:33.586699,aaba69e43fef80cc7052287a
infiltrato.it,AVAILABILITY,origin.list,origin.list,2022-04-27 05:38:37.594673,aaba69e43fef80cc7052287a
infobel.com,AVAILABILITY,origin.list,origin.list,2022-04-27 05:38:38.933330,aaba69e43fef80cc7052287a
infojobs.it,AVAILABILITY,origin.list,origin.list,2022-04-27 05:38:40.374667,aaba69e43fef80cc7052287a
infopart.org,AVAILABILITY,origin.list,origin.list,2022-04-27 05:38:41.398186,aaba69e43fef80cc7052287a
informarexresistere.fr,AVAILABILITY,origin.list,origin.list,2022-04-27 05:38:42.639586,aaba69e43fef80cc7052287a
informatblog.com,AVAILABILITY,origin.list,origin.list,2022-04-27 05:38:42.834464,aaba69e43fef80cc7052287a
informazionefiscale.it,AVAILABILITY,origin.list,origin.list,2022-04-27 05:38:44.222136,aaba69e43fef80cc7052287a
infoworld.com,AVAILABILITY,origin.list,origin.list,2022-04-27 05:38:44.792927,aaba69e43fef80cc7052287a
instantshift.com,AVAILABILITY,origin.list,origin.list,2022-04-27 05:38:46.365285,aaba69e43fef80cc7052287a
instructables.com,AVAILABILITY,origin.list,origin.list,2022-04-27 05:38:47.236893,aaba69e43fef80cc7052287a
internazionale.it,AVAILABILITY,origin.list,origin.list,2022-04-27 05:38:48.417764,aaba69e43fef80cc7052287a
inthetechpit.com,AVAILABILITY,origin.list,origin.list,2022-04-27 05:38:48.709694,aaba69e43fef80cc7052287a
intrage.it,AVAILABILITY,origin.list,origin.list,2022-04-27 05:38:49.757828,aaba69e43fef80cc7052287a
intoscana.it,AVAILABILITY,origin.list,origin.list,2022-04-27 05:38:50.867949,aaba69e43fef80cc7052287a
investing.com,AVAILABILITY,origin.list,origin.list,2022-04-27 05:38:51.505364,aaba69e43fef80cc7052287a
iovivoaroma.it,AVAILABILITY,origin.list,origin.list,2022-04-27 05:38:55.022530,aaba69e43fef80cc7052287a
iphoneitalia.com,AVAILABILITY,origin.list,origin.list,2022-04-27 05:38:57.700128,aaba69e43fef80cc7052287a
iovadoalcinema.it,AVAILABILITY,origin.list,origin.list,2022-04-27 05:38:58.538553,aaba69e43fef80cc7052287a
iptrace.in,AVAILABILITY,origin.list,origin.list,2022-04-27 05:39:02.376875,aaba69e43fef80cc7052287a
ipodrepublic.com,AVAILABILITY,origin.list,origin.list,2022-04-27 05:39:02.397280,aaba69e43fef80cc7052287a
ispazio.net,AVAILABILITY,origin.list,origin.list,2022-04-27 05:39:06.238499,aaba69e43fef80cc7052287a
it.answers.com,AVAILABILITY,origin.list,origin.list,2022-04-27 05:39:07.770781,aaba69e43fef80cc7052287a
it.blastingnews.com,AVAILABILITY,origin.list,origin.list,2022-04-27 05:39:10.741764,aaba69e43fef80cc7052287a
it.bteye.org,AVAILABILITY,origin.list,origin.list,2022-04-27 05:39:12.889097,aaba69e43fef80cc7052287a
it.answers.yahoo.com,AVAILABILITY,origin.list,origin.list,2022-04-27 05:39:13.896817,aaba69e43fef80cc7052287a
it.cleanpng.com,AVAILABILITY,origin.list,origin.list,2022-04-27 05:39:16.478278,aaba69e43fef80cc7052287a
it.eurosport.com,AVAILABILITY,origin.list,origin.list,2022-04-27 05:39:18.235424,aaba69e43fef80cc7052287a
it.cinema.yahoo.com,AVAILABILITY,origin.list,origin.list,2022-04-27 05:39:18.856070,aaba69e43fef80cc7052287a
it.finance.yahoo.com,AVAILABILITY,origin.list,origin.list,2022-04-27 05:39:21.028243,aaba69e43fef80cc7052287a
it.foursquare.com,AVAILABILITY,origin.list,origin.list,2022-04-27 05:39:21.656719,aaba69e43fef80cc7052287a
it.ibancalculator.com,AVAILABILITY,origin.list,origin.list,2022-04-27 05:39:22.304744,aaba69e43fef80cc7052287a
it.motor1.com,AVAILABILITY,origin.list,origin.list,2022-04-27 05:39:24.573415,aaba69e43fef80cc7052287a
it.motorsport.com,AVAILABILITY,origin.list,origin.list,2022-04-27 05:39:24.889236,aaba69e43fef80cc7052287a
it.opinionspost.com,AVAILABILITY,origin.list,origin.list,2022-04-27 05:39:25.744634,aaba69e43fef80cc7052287a
it.tinypic.com,AVAILABILITY,origin.list,origin.list,2022-04-27 05:39:31.715148,aaba69e43fef80cc7052287a
ipsoa.it,AVAILABILITY,origin.list,origin.list,2022-04-27 05:39:34.213699,aaba69e43fef80cc7052287a
it.vipboxeu.co,AVAILABILITY,origin.list,origin.list,2022-04-27 05:39:35.395097,aaba69e43fef80cc7052287a
it.xhamster.com,AVAILABILITY,origin.list,origin.list,2022-04-27 05:39:36.491358,aaba69e43fef80cc7052287a
italia-film.me,AVAILABILITY,origin.list,origin.list,2022-04-27 05:39:38.142357,aaba69e43fef80cc7052287a
italia-film.com,AVAILABILITY,origin.list,origin.list,2022-04-27 05:39:38.279003,aaba69e43fef80cc7052287a
italia-news.it,AVAILABILITY,origin.list,origin.list,2022-04-27 05:39:40.131627,aaba69e43fef80cc7052287a
italiafruit.net,AVAILABILITY,origin.list,origin.list,2022-04-27 05:39:55.721547,aaba69e43fef80cc7052287a
italian.tech,AVAILABILITY,origin.list,origin.list,2022-04-27 05:39:57.787586,aaba69e43fef80cc7052287a
italiaserie.co,AVAILABILITY,origin.list,origin.list,2022-04-27 05:39:59.742025,aaba69e43fef80cc7052287a
italianshare.net,AVAILABILITY,origin.list,origin.list,2022-04-27 05:39:59.997383,aaba69e43fef80cc7052287a
itascan.info,AVAILABILITY,origin.list,origin.list,2022-04-27 05:40:01.120914,aaba69e43fef80cc7052287a
itechtics.com,AVAILABILITY,origin.list,origin.list,2022-04-27 05:40:02.913432,aaba69e43fef80cc7052287a
italiatopgames.it,AVAILABILITY,origin.list,origin.list,2022-04-27 05:40:03.013702,aaba69e43fef80cc7052287a
itproportal.com,AVAILABILITY,origin.list,origin.list,2022-04-27 05:40:06.141422,aaba69e43fef80cc7052287a
itpro.co.uk,AVAILABILITY,origin.list,origin.list,2022-04-27 05:40:07.024704,aaba69e43fef80cc7052287a
itsfoss.com,AVAILABILITY,origin.list,origin.list,2022-04-27 05:40:10.653857,aaba69e43fef80cc7052287a
itstillworks.com,AVAILABILITY,origin.list,origin.list,2022-04-27 05:40:10.766051,aaba69e43fef80cc7052287a
itwriting.com,AVAILABILITY,origin.list,origin.list,2022-04-27 05:40:12.341339,aaba69e43fef80cc7052287a
itespresso.it,AVAILABILITY,origin.list,origin.list,2022-04-27 05:40:15.598472,aaba69e43fef80cc7052287a
izismile.com,AVAILABILITY,origin.list,origin.list,2022-04-27 05:40:16.949896,aaba69e43fef80cc7052287a
jaxov.com,AVAILABILITY,origin.list,origin.list,2022-04-27 05:40:18.546547,aaba69e43fef80cc7052287a
j.gs,AVAILABILITY,origin.list,origin.list,2022-04-27 05:40:19.148406,aaba69e43fef80cc7052287a
iusethis.com,AVAILABILITY,origin.list,origin.list,2022-04-27 05:40:22.966056,aaba69e43fef80cc7052287a
jobrapido.it,AVAILABILITY,origin.list,origin.list,2022-04-27 05:40:23.548885,aaba69e43fef80cc7052287a
jsonlint.com,AVAILABILITY,origin.list,origin.list,2022-04-27 05:40:26.838598,aaba69e43fef80cc7052287a
joystiq.com,AVAILABILITY,origin.list,origin.list,2022-04-27 05:40:27.256187,aaba69e43fef80cc7052287a
jooble.it,AVAILABILITY,origin.list,origin.list,2022-04-27 05:40:28.614834,aaba69e43fef80cc7052287a
justwatch.com,AVAILABILITY,origin.list,origin.list,2022-04-27 05:40:30.239003,aaba69e43fef80cc7052287a
kapilarya.com,AVAILABILITY,origin.list,origin.list,2022-04-27 05:40:31.694974,aaba69e43fef80cc7052287a
kat.ph,AVAILABILITY,origin.list,origin.list,2022-04-27 05:40:32.693295,aaba69e43fef80cc7052287a
katfile.com,AVAILABILITY,origin.list,origin.list,2022-04-27 05:40:34.360166,aaba69e43fef80cc7052287a
katproxy.com,AVAILABILITY,origin.list,origin.list,2022-04-27 05:40:35.523069,aaba69e43fef80cc7052287a
justin.tv,AVAILABILITY,origin.list,origin.list,2022-04-27 05:40:37.847692,aaba69e43fef80cc7052287a
keepvid.com,AVAILABILITY,origin.list,origin.list,2022-04-27 05:40:39.590351,aaba69e43fef80cc7052287a
kickass.so,AVAILABILITY,origin.list,origin.list,2022-04-27 05:40:42.603008,aaba69e43fef80cc7052287a
key4biz.it,AVAILABILITY,origin.list,origin.list,2022-04-27 05:40:42.674272,aaba69e43fef80cc7052287a
kickass.to,AVAILABILITY,origin.list,origin.list,2022-04-27 05:40:42.804150,aaba69e43fef80cc7052287a
kifarunix.com,AVAILABILITY,origin.list,origin.list,2022-04-27 05:40:45.603421,aaba69e43fef80cc7052287a
kingdomgame.it,AVAILABILITY,origin.list,origin.list,2022-04-27 05:40:50.296289,aaba69e43fef80cc7052287a
komando.com,AVAILABILITY,origin.list,origin.list,2022-04-27 05:40:51.303189,aaba69e43fef80cc7052287a
kijiji.it,AVAILABILITY,origin.list,origin.list,2022-04-27 05:40:51.620967,aaba69e43fef80cc7052287a
kotaku.co.uk,AVAILABILITY,origin.list,origin.list,2022-04-27 05:40:51.869997,aaba69e43fef80cc7052287a
krebsonsecurity.com,AVAILABILITY,origin.list,origin.list,2022-04-27 05:40:52.704336,aaba69e43fef80cc7052287a
labaia.ws,AVAILABILITY,origin.list,origin.list,2022-04-27 05:40:55.275166,aaba69e43fef80cc7052287a
la7.it,AVAILABILITY,origin.list,origin.list,2022-04-27 05:40:55.435432,aaba69e43fef80cc7052287a
labnol.org,AVAILABILITY,origin.list,origin.list,2022-04-27 05:40:56.843318,aaba69e43fef80cc7052287a
lacnews24.it,AVAILABILITY,origin.list,origin.list,2022-04-27 05:40:58.959515,aaba69e43fef80cc7052287a
lafucina.it,AVAILABILITY,origin.list,origin.list,2022-04-27 05:41:02.919911,aaba69e43fef80cc7052287a
lalaziosiamonoi.it,AVAILABILITY,origin.list,origin.list,2022-04-27 05:41:09.208011,aaba69e43fef80cc7052287a
laleggepertutti.it,AVAILABILITY,origin.list,origin.list,2022-04-27 05:41:13.586712,aaba69e43fef80cc7052287a
laltranotizia.net,AVAILABILITY,origin.list,origin.list,2022-04-27 05:41:13.615124,aaba69e43fef80cc7052287a
larena.it,AVAILABILITY,origin.list,origin.list,2022-04-27 05:41:18.472328,aaba69e43fef80cc7052287a
laprovinciadicomo.it,AVAILABILITY,origin.list,origin.list,2022-04-27 05:41:19.599316,aaba69e43fef80cc7052287a
last.fm,AVAILABILITY,origin.list,origin.list,2022-04-27 05:41:23.286429,aaba69e43fef80cc7052287a
lastfm.it,AVAILABILITY,origin.list,origin.list,2022-04-27 05:41:29.256755,aaba69e43fef80cc7052287a
latinospost.com,AVAILABILITY,origin.list,origin.list,2022-04-27 05:41:29.372363,aaba69e43fef80cc7052287a
lastampa.it,AVAILABILITY,origin.list,origin.list,2022-04-27 05:41:29.439468,aaba69e43fef80cc7052287a
lastpass.com,AVAILABILITY,origin.list,origin.list,2022-04-27 05:41:29.599019,aaba69e43fef80cc7052287a
leganerd.com,AVAILABILITY,origin.list,origin.list,2022-04-27 05:41:34.744920,aaba69e43fef80cc7052287a
leitv.it,AVAILABILITY,origin.list,origin.list,2022-04-27 05:41:36.126438,aaba69e43fef80cc7052287a
leggo.it,AVAILABILITY,origin.list,origin.list,2022-04-27 05:41:36.163171,aaba69e43fef80cc7052287a
lettera43.it,AVAILABILITY,origin.list,origin.list,2022-04-27 05:41:39.272104,aaba69e43fef80cc7052287a
lg.hdblog.it,AVAILABILITY,origin.list,origin.list,2022-04-27 05:41:39.895622,aaba69e43fef80cc7052287a
libero.it,AVAILABILITY,origin.list,origin.list,2022-04-27 05:41:44.801875,aaba69e43fef80cc7052287a
librestock.com,AVAILABILITY,origin.list,origin.list,2022-04-27 05:41:46.581166,aaba69e43fef80cc7052287a
liberoquotidiano.it,AVAILABILITY,origin.list,origin.list,2022-04-27 05:41:48.745913,aaba69e43fef80cc7052287a
lifehacker.com,AVAILABILITY,origin.list,origin.list,2022-04-27 05:41:51.959937,aaba69e43fef80cc7052287a
lifewire.com,AVAILABILITY,origin.list,origin.list,2022-04-27 05:41:53.222840,aaba69e43fef80cc7052287a
letitbit.net,AVAILABILITY,origin.list,origin.list,2022-04-27 05:41:57.511836,aaba69e43fef80cc7052287a
liliputing.com,AVAILABILITY,origin.list,origin.list,2022-04-27 05:41:59.167524,aaba69e43fef80cc7052287a
liligo.it,AVAILABILITY,origin.list,origin.list,2022-04-27 05:42:01.818304,aaba69e43fef80cc7052287a
linkbucks.com,AVAILABILITY,origin.list,origin.list,2022-04-27 05:42:04.089605,aaba69e43fef80cc7052287a
linkedin.com,AVAILABILITY,origin.list,origin.list,2022-04-27 05:42:07.722416,aaba69e43fef80cc7052287a
linkiesta.it,AVAILABILITY,origin.list,origin.list,2022-04-27 05:42:11.866860,aaba69e43fef80cc7052287a
linuxhint.com,AVAILABILITY,origin.list,origin.list,2022-04-27 05:42:14.906835,aaba69e43fef80cc7052287a
linuxuser.co.uk,AVAILABILITY,origin.list,origin.list,2022-04-27 05:42:16.826659,aaba69e43fef80cc7052287a
live.com,AVAILABILITY,origin.list,origin.list,2022-04-27 05:42:16.999927,aaba69e43fef80cc7052287a
linuxuprising.com,AVAILABILITY,origin.list,origin.list,2022-04-27 05:42:17.253581,aaba69e43fef80cc7052287a
livenation.it,AVAILABILITY,origin.list,origin.list,2022-04-27 05:42:20.417298,aaba69e43fef80cc7052287a
livesicilia.it,AVAILABILITY,origin.list,origin.list,2022-04-27 05:42:26.963895,aaba69e43fef80cc7052287a
lockerz.com,AVAILABILITY,origin.list,origin.list,2022-04-27 05:42:32.143515,aaba69e43fef80cc7052287a
livinginterior.it,AVAILABILITY,origin.list,origin.list,2022-04-27 05:42:38.404275,aaba69e43fef80cc7052287a
login.libero.it,AVAILABILITY,origin.list,origin.list,2022-04-27 05:42:38.747839,aaba69e43fef80cc7052287a
login.yahoo.com,AVAILABILITY,origin.list,origin.list,2022-04-27 05:42:40.157489,aaba69e43fef80cc7052287a
lolnexus.com,AVAILABILITY,origin.list,origin.list,2022-04-27 05:42:41.182754,aaba69e43fef80cc7052287a
lolstatistics.com,AVAILABILITY,origin.list,origin.list,2022-04-27 05:42:42.574927,aaba69e43fef80cc7052287a
lonelyplanetitalia.it,AVAILABILITY,origin.list,origin.list,2022-04-27 05:42:45.641858,aaba69e43fef80cc7052287a
luca-mercatanti.com,AVAILABILITY,origin.list,origin.list,2022-04-27 05:42:47.532844,aaba69e43fef80cc7052287a
m.17track.net,AVAILABILITY,origin.list,origin.list,2022-04-27 05:42:54.509535,aaba69e43fef80cc7052287a
m.agi.it,AVAILABILITY,origin.list,origin.list,2022-04-27 05:42:55.249451,aaba69e43fef80cc7052287a
m.corrieredellosport.it,AVAILABILITY,origin.list,origin.list,2022-04-27 05:42:56.926518,aaba69e43fef80cc7052287a
m.businessmagazine.it,AVAILABILITY,origin.list,origin.list,2022-04-27 05:42:58.608109,aaba69e43fef80cc7052287a
m.diretta.it,AVAILABILITY,origin.list,origin.list,2022-04-27 05:43:00.587649,aaba69e43fef80cc7052287a
m.gamemag.it,AVAILABILITY,origin.list,origin.list,2022-04-27 05:43:02.286077,aaba69e43fef80cc7052287a
m.fotografidigitali.it,AVAILABILITY,origin.list,origin.list,2022-04-27 05:43:02.571015,aaba69e43fef80cc7052287a
m.hwfiles.it,AVAILABILITY,origin.list,origin.list,2022-04-27 05:43:05.029296,aaba69e43fef80cc7052287a
m.ilgiorno.it,AVAILABILITY,origin.list,origin.list,2022-04-27 05:43:06.282422,aaba69e43fef80cc7052287a
m.ilgiornale.it,AVAILABILITY,origin.list,origin.list,2022-04-27 05:43:06.606272,aaba69e43fef80cc7052287a
m.ilrestodelcarlino.it,AVAILABILITY,origin.list,origin.list,2022-04-27 05:43:07.647869,aaba69e43fef80cc7052287a
m.lanazione.it,AVAILABILITY,origin.list,origin.list,2022-04-27 05:43:07.788852,aaba69e43fef80cc7052287a
m.prontoimprese.it,AVAILABILITY,origin.list,origin.list,2022-04-27 05:43:11.776202,aaba69e43fef80cc7052287a
m.leggo.it,AVAILABILITY,origin.list,origin.list,2022-04-27 05:43:12.836439,aaba69e43fef80cc7052287a
m.motorionline.com,AVAILABILITY,origin.list,origin.list,2022-04-27 05:43:14.050454,aaba69e43fef80cc7052287a
mac-forums.com,AVAILABILITY,origin.list,origin.list,2022-04-27 05:43:16.034389,aaba69e43fef80cc7052287a
m.quotidiano.net,AVAILABILITY,origin.list,origin.list,2022-04-27 05:43:16.936344,aaba69e43fef80cc7052287a
m2.feiwei.tv,AVAILABILITY,origin.list,origin.list,2022-04-27 05:43:17.545800,aaba69e43fef80cc7052287a
macitynet.it,AVAILABILITY,origin.list,origin.list,2022-04-27 05:43:20.492877,aaba69e43fef80cc7052287a
macnn.com,AVAILABILITY,origin.list,origin.list,2022-04-27 05:43:23.485571,aaba69e43fef80cc7052287a
maciverse.com,AVAILABILITY,origin.list,origin.list,2022-04-27 05:43:24.241470,aaba69e43fef80cc7052287a
macrumors.com,AVAILABILITY,origin.list,origin.list,2022-04-27 05:43:25.750723,aaba69e43fef80cc7052287a
macupdate.com,AVAILABILITY,origin.list,origin.list,2022-04-27 05:43:28.677005,aaba69e43fef80cc7052287a
macworld.co.uk,AVAILABILITY,origin.list,origin.list,2022-04-27 05:43:33.230651,aaba69e43fef80cc7052287a
macusato.it,AVAILABILITY,origin.list,origin.list,2022-04-27 05:43:36.311358,aaba69e43fef80cc7052287a
madtrip.co,AVAILABILITY,origin.list,origin.list,2022-04-27 05:43:38.750540,aaba69e43fef80cc7052287a
macworld.com,AVAILABILITY,origin.list,origin.list,2022-04-27 05:43:40.020459,aaba69e43fef80cc7052287a
mag24.es,AVAILABILITY,origin.list,origin.list,2022-04-27 05:43:42.789329,aaba69e43fef80cc7052287a
mail.google.com,AVAILABILITY,origin.list,origin.list,2022-04-27 05:43:43.454261,aaba69e43fef80cc7052287a
mail.libero.it,AVAILABILITY,origin.list,origin.list,2022-04-27 05:43:48.762796,aaba69e43fef80cc7052287a
mail.yahoo.com,AVAILABILITY,origin.list,origin.list,2022-04-27 05:43:49.423821,aaba69e43fef80cc7052287a
majorgeeks.com,AVAILABILITY,origin.list,origin.list,2022-04-27 05:43:55.502204,aaba69e43fef80cc7052287a
maketecheasier.com,AVAILABILITY,origin.list,origin.list,2022-04-27 05:43:58.288101,aaba69e43fef80cc7052287a
makeuseof.com,AVAILABILITY,origin.list,origin.list,2022-04-27 05:44:04.614519,aaba69e43fef80cc7052287a
mangaforever.net,AVAILABILITY,origin.list,origin.list,2022-04-27 05:44:09.672527,aaba69e43fef80cc7052287a
mangafox.com,AVAILABILITY,origin.list,origin.list,2022-04-27 05:44:15.697024,aaba69e43fef80cc7052287a
mangareader.net,AVAILABILITY,origin.list,origin.list,2022-04-27 05:44:17.519291,aaba69e43fef80cc7052287a
manomano.it,AVAILABILITY,origin.list,origin.list,2022-04-27 05:44:19.480183,aaba69e43fef80cc7052287a
manuali.net,AVAILABILITY,origin.list,origin.list,2022-04-27 05:44:24.280033,aaba69e43fef80cc7052287a
maps.google.com,AVAILABILITY,origin.list,origin.list,2022-04-27 05:44:24.871125,aaba69e43fef80cc7052287a
maps.google.it,AVAILABILITY,origin.list,origin.list,2022-04-27 05:44:27.213606,aaba69e43fef80cc7052287a
marapcana.life,AVAILABILITY,origin.list,origin.list,2022-04-27 05:44:28.891767,aaba69e43fef80cc7052287a
marcheingol.it,AVAILABILITY,origin.list,origin.list,2022-04-27 05:44:32.675115,aaba69e43fef80cc7052287a
mashable.com,AVAILABILITY,origin.list,origin.list,2022-04-27 05:44:33.695965,aaba69e43fef80cc7052287a
matrimonio.it,AVAILABILITY,origin.list,origin.list,2022-04-27 05:44:36.122165,aaba69e43fef80cc7052287a
masterchef.sky.it,AVAILABILITY,origin.list,origin.list,2022-04-27 05:44:38.280459,aaba69e43fef80cc7052287a
maturita.studentville.it,AVAILABILITY,origin.list,origin.list,2022-04-27 05:44:39.540445,aaba69e43fef80cc7052287a
mauxa.com,AVAILABILITY,origin.list,origin.list,2022-04-27 05:44:41.205905,aaba69e43fef80cc7052287a
maxigossip.com,AVAILABILITY,origin.list,origin.list,2022-04-27 05:44:43.016280,aaba69e43fef80cc7052287a
media.photobucket.com,AVAILABILITY,origin.list,origin.list,2022-04-27 05:44:46.509581,aaba69e43fef80cc7052287a
mbnews.it,AVAILABILITY,origin.list,origin.list,2022-04-27 05:44:47.016075,aaba69e43fef80cc7052287a
mediafire.com,AVAILABILITY,origin.list,origin.list,2022-04-27 05:44:53.366617,aaba69e43fef80cc7052287a
mediaset.it,AVAILABILITY,origin.list,origin.list,2022-04-27 05:45:00.880306,aaba69e43fef80cc7052287a
medium.com,AVAILABILITY,origin.list,origin.list,2022-04-27 05:45:02.932516,aaba69e43fef80cc7052287a
megalab.it,AVAILABILITY,origin.list,origin.list,2022-04-27 05:45:10.019745,aaba69e43fef80cc7052287a
megaportale.biz,AVAILABILITY,origin.list,origin.list,2022-04-27 05:45:11.068224,aaba69e43fef80cc7052287a
megastreaming.biz,AVAILABILITY,origin.list,origin.list,2022-04-27 05:45:12.775548,aaba69e43fef80cc7052287a
melablog.it,AVAILABILITY,origin.list,origin.list,2022-04-27 05:45:19.769471,aaba69e43fef80cc7052287a
melamorsicata.it,AVAILABILITY,origin.list,origin.list,2022-04-27 05:45:26.312233,aaba69e43fef80cc7052287a
mentelocale.it,AVAILABILITY,origin.list,origin.list,2022-04-27 05:45:32.128272,aaba69e43fef80cc7052287a
mercatinomusicale.com,AVAILABILITY,origin.list,origin.list,2022-04-27 05:45:37.313217,aaba69e43fef80cc7052287a
mesgmy.ebay.it,AVAILABILITY,origin.list,origin.list,2022-04-27 05:45:37.438960,aaba69e43fef80cc7052287a
metacritic.com,AVAILABILITY,origin.list,origin.list,2022-04-27 05:45:38.566375,aaba69e43fef80cc7052287a
meteo.it,AVAILABILITY,origin.list,origin.list,2022-04-27 05:45:44.049316,aaba69e43fef80cc7052287a
mg.mgid.com,AVAILABILITY,origin.list,origin.list,2022-04-27 05:45:47.854394,aaba69e43fef80cc7052287a
michlstechblog.info,AVAILABILITY,origin.list,origin.list,2022-04-27 05:45:48.925022,aaba69e43fef80cc7052287a
mgid.com,AVAILABILITY,origin.list,origin.list,2022-04-27 05:45:48.980200,aaba69e43fef80cc7052287a
meteo.search.ch,AVAILABILITY,origin.list,origin.list,2022-04-27 05:45:49.013236,aaba69e43fef80cc7052287a
milano.fanpage.it,AVAILABILITY,origin.list,origin.list,2022-04-27 05:45:53.284865,aaba69e43fef80cc7052287a
milano-italia.it,AVAILABILITY,origin.list,origin.list,2022-04-27 05:45:54.165622,aaba69e43fef80cc7052287a
milano.corriere.it,AVAILABILITY,origin.list,origin.list,2022-04-27 05:45:54.249625,aaba69e43fef80cc7052287a
mikesnotebook.wordpress.com,AVAILABILITY,origin.list,origin.list,2022-04-27 05:45:54.463513,aaba69e43fef80cc7052287a
milano.mentelocale.it,AVAILABILITY,origin.list,origin.list,2022-04-27 05:45:59.423109,aaba69e43fef80cc7052287a
milanocam.it,AVAILABILITY,origin.list,origin.list,2022-04-27 05:46:00.882434,aaba69e43fef80cc7052287a
milanodabere.it,AVAILABILITY,origin.list,origin.list,2022-04-27 05:46:08.934253,aaba69e43fef80cc7052287a
milanoevents.it,AVAILABILITY,origin.list,origin.list,2022-04-27 05:46:10.681948,aaba69e43fef80cc7052287a
milanolife.it,AVAILABILITY,origin.list,origin.list,2022-04-27 05:46:11.404478,aaba69e43fef80cc7052287a
milanotoday.it,AVAILABILITY,origin.list,origin.list,2022-04-27 05:46:17.105107,aaba69e43fef80cc7052287a
minecraft-italia.it,AVAILABILITY,origin.list,origin.list,2022-04-27 05:46:20.112805,aaba69e43fef80cc7052287a
miniclip.com,AVAILABILITY,origin.list,origin.list,2022-04-27 05:46:22.948859,aaba69e43fef80cc7052287a
mioaffitto.it,AVAILABILITY,origin.list,origin.list,2022-04-27 05:46:23.685297,aaba69e43fef80cc7052287a
milleguide.com,AVAILABILITY,origin.list,origin.list,2022-04-27 05:46:24.022398,aaba69e43fef80cc7052287a
missilehugger.com,AVAILABILITY,origin.list,origin.list,2022-04-27 05:46:25.482646,aaba69e43fef80cc7052287a
mitula.it,AVAILABILITY,origin.list,origin.list,2022-04-27 05:46:28.477998,aaba69e43fef80cc7052287a
mobile.hdblog.it,AVAILABILITY,origin.list,origin.list,2022-04-27 05:46:30.554721,aaba69e43fef80cc7052287a
mmosite.com,AVAILABILITY,origin.list,origin.list,2022-04-27 05:46:30.819796,aaba69e43fef80cc7052287a
miui.it,AVAILABILITY,origin.list,origin.list,2022-04-27 05:46:33.690099,aaba69e43fef80cc7052287a
mobileworld.it,AVAILABILITY,origin.list,origin.list,2022-04-27 05:46:34.401525,aaba69e43fef80cc7052287a
mobile.sportmediaset.it,AVAILABILITY,origin.list,origin.list,2022-04-27 05:46:37.273871,aaba69e43fef80cc7052287a
mobile.tgcom24.it,AVAILABILITY,origin.list,origin.list,2022-04-27 05:46:38.425220,aaba69e43fef80cc7052287a
mockbox.net,AVAILABILITY,origin.list,origin.list,2022-04-27 05:46:39.958114,aaba69e43fef80cc7052287a
mofunzone.com,AVAILABILITY,origin.list,origin.list,2022-04-27 05:46:41.050057,aaba69e43fef80cc7052287a
mollotutto.com,AVAILABILITY,origin.list,origin.list,2022-04-27 05:46:47.269313,aaba69e43fef80cc7052287a
mondoxbox.com,AVAILABILITY,origin.list,origin.list,2022-04-27 05:46:55.363767,aaba69e43fef80cc7052287a
mondofox.it,AVAILABILITY,origin.list,origin.list,2022-04-27 05:47:00.361924,aaba69e43fef80cc7052287a
money.it,AVAILABILITY,origin.list,origin.list,2022-04-27 05:47:05.629152,aaba69e43fef80cc7052287a
money.cnn.com,AVAILABILITY,origin.list,origin.list,2022-04-27 05:47:05.941081,aaba69e43fef80cc7052287a
monova.org,AVAILABILITY,origin.list,origin.list,2022-04-27 05:47:09.870849,aaba69e43fef80cc7052287a
