subject,idna_subject,expiration_date,epoch
02blog.it,02blog.it,19-jan-2021,1611014400.0
105.net,105.net,27-oct-2021,1635292800.0
10fbb07a4b0.se,10fbb07a4b0.se,02-aug-2021,1627862400.0
123people.it,123people.it,04-oct-2021,1633305600.0
1fichier.com,1fichier.com,07-dec-2021,1638835200.0
254a.com,254a.com,10-mar-2024,1710028800.0
2conv.com,2conv.com,26-mar-2021,1616716800.0
2spaghi.it,2spaghi.it,29-nov-2021,1638144000.0
32red.it,32red.it,27-oct-2021,1635292800.0
3bmeteo.com,3bmeteo.com,15-apr-2021,1618444800.0
4chan.org,4chan.org,14-feb-2023,1676332800.0
4minuti.it,4minuti.it,26-mar-2021,1616716800.0
4shared.com,4shared.com,11-jan-2024,1704931200.0
4xcellent.com,4xcellent.com,14-jul-2021,1626220800.0
5nowvideo.com,5nowvideo.com,03-oct-2021,1633219200.0
62b70ac32d4614b.com,62b70ac32d4614b.com,23-jun-2021,1624406400.0
7eer.net,7eer.net,28-jan-2021,1611792000.0
888.com,888.com,14-feb-2023,1676332800.0
9gag.com,9gag.com,12-apr-2026,1775952000.0
a2pub.com,a2pub.com,30-nov-2021,1638230400.0
accuweather.com,accuweather.com,26-oct-2021,1635206400.0
ad-center.com,ad-center.com,18-dec-2021,1639785600.0
ad6media.fr,ad6media.fr,20-apr-2021,1618876800.0
adadvisor.net,adadvisor.net,08-apr-2022,1649376000.0
adbutler-meson.com,adbutler-meson.com,09-jan-2023,1673222400.0
adcash.com,adcash.com,20-nov-2021,1637366400.0
addictivetips.com,addictivetips.com,21-aug-2022,1661040000.0
adexchangedirect.com,adexchangedirect.com,27-apr-2021,1619481600.0
adf.ly,adf.ly,25-apr-2021,1619308800.0
adform.net,adform.net,23-sep-2023,1695427200.0
adk2x.com,adk2x.com,19-mar-2021,1616112000.0
adnetworkperformance.com,adnetworkperformance.com,27-apr-2021,1619481600.0
adnxs.com,adnxs.com,27-may-2022,1653609600.0
adplxmd.com,adplxmd.com,09-may-2021,1620518400.0
adroll.com,adroll.com,13-oct-2021,1634083200.0
adspserving.com,adspserving.com,24-nov-2021,1637712000.0
adsrvmedia.net,adsrvmedia.net,20-aug-2021,1629417600.0
adverkeyz.com,adverkeyz.com,31-oct-2021,1635638400.0
advertising.com,advertising.com,04-jan-2022,1641254400.0
advplace.com,advplace.com,02-jul-2021,1625184000.0
adxcore.com,adxcore.com,25-nov-2021,1637798400.0
affaritaliani.it,affaritaliani.it,08-sep-2021,1631059200.0
afftrack.com,afftrack.com,17-sep-2022,1663372800.0
aflrm.com,aflrm.com,02-oct-2021,1633132800.0
agar.io,agar.io,28-apr-2021,1619568000.0
aggiustatutto.it,aggiustatutto.it,02-apr-2021,1617321600.0
agi.it,agi.it,27-aug-2021,1630022400.0
agoravox.it,agoravox.it,09-feb-2021,1612828800.0
alfemminile.com,alfemminile.com,05-nov-2021,1636070400.0
alguer.it,alguer.it,16-jul-2021,1626393600.0
allkeyshop.com,allkeyshop.com,19-jan-2021,1611014400.0
allmyvideos.net,allmyvideos.net,04-dec-2021,1638576000.0
almico.com,almico.com,10-sep-2021,1631232000.0
altadefinizione.bid,altadefinizione.bid,12-dec-2021,1639267200.0
altadefinizione.tv,altadefinizione.tv,16-may-2021,1621123200.0
altalex.com,altalex.com,21-dec-2021,1640044800.0
alternativeto.net,alternativeto.net,18-jan-2024,1705536000.0
altroconsumo.it,altroconsumo.it,07-apr-2021,1617753600.0
alvolante.it,alvolante.it,13-aug-2021,1628812800.0
amando.it,amando.it,15-jun-2021,1623715200.0
amazon-adsystem.com,amazon-adsystem.com,16-sep-2024,1726444800.0
amazon.com,amazon.com,31-oct-2024,1730332800.0
ampxchange.com,ampxchange.com,30-may-2022,1653868800.0
andreagaleazzi.com,andreagaleazzi.com,21-oct-2021,1634774400.0
androidcentral.com,androidcentral.com,05-nov-2024,1730764800.0
androidiani.com,androidiani.com,15-nov-2021,1636934400.0
androidpit.com,androidpit.com,21-sep-2021,1632182400.0
androidpit.it,androidpit.it,27-oct-2021,1635292800.0
androidworld.it,androidworld.it,17-jan-2021,1610841600.0
annuncicdn.it,annuncicdn.it,19-apr-2021,1618790400.0
ansa.it,ansa.it,03-mar-2021,1614729600.0
aol.com,aol.com,23-nov-2021,1637625600.0
ap.org,ap.org,24-jul-2028,1848009600.0
apkmirror.com,apkmirror.com,12-jul-2021,1626048000.0
appcrawlr.com,appcrawlr.com,28-oct-2021,1635379200.0
appletoolbox.com,appletoolbox.com,12-mar-2023,1678579200.0
applezein.net,applezein.net,06-sep-2021,1630886400.0
appstorm.net,appstorm.net,09-jan-2024,1704758400.0
aquaneva.it,aquaneva.it,22-mar-2021,1616371200.0
armorgames.com,armorgames.com,29-sep-2022,1664409600.0
arstechnica.com,arstechnica.com,30-dec-2021,1640822400.0
artribune.com,artribune.com,09-mar-2021,1615248000.0
ashleymadison.com,ashleymadison.com,13-nov-2021,1636761600.0
askstudent.com,askstudent.com,04-may-2021,1620086400.0
assodigitale.it,assodigitale.it,10-nov-2021,1636502400.0
audiko.net,audiko.net,28-mar-2022,1648425600.0
autoaspillo.com,autoaspillo.com,26-mar-2021,1616716800.0
autoaz.it,autoaz.it,22-mar-2021,1616371200.0
autoblog.it,autoblog.it,19-jan-2021,1611014400.0
autoscout24.it,autoscout24.it,17-jan-2021,1610841600.0
avaxhome.ws,avaxhome.ws,16-oct-2021,1634342400.0
avaxsearch.com,avaxsearch.com,16-apr-2021,1618531200.0
avvenire.it,avvenire.it,06-mar-2021,1614988800.0
avvocati.it,avvocati.it,01-feb-2021,1612137600.0
backin.net,backin.net,09-mar-2021,1615248000.0
badtaste.it,badtaste.it,30-aug-2021,1630281600.0
bannerflow.com,bannerflow.com,03-jun-2021,1622678400.0
bbc.co.uk,bbc.co.uk,13-dec-2025,1765584000.0
bbc.com,bbc.com,14-jul-2021,1626220800.0
bellaweb.it,bellaweb.it,24-jan-2021,1611446400.0
beppegrillo.it,beppegrillo.it,23-jan-2021,1611360000.0
bergamonews.it,bergamonews.it,04-aug-2021,1628035200.0
bet365.com,bet365.com,04-aug-2025,1754265600.0
bet365.it,bet365.it,21-apr-2021,1618963200.0
betanews.com,betanews.com,31-may-2023,1685491200.0
bettingtradition.com,bettingtradition.com,06-feb-2021,1612569600.0
bgr.com,bgr.com,21-apr-2021,1618963200.0
bikeitalia.it,bikeitalia.it,25-feb-2021,1614211200.0
billboard.com,billboard.com,06-nov-2025,1762387200.0
binaryinstructor.com,binaryinstructor.com,06-jun-2021,1622937600.0
bing.com,bing.com,30-jan-2021,1611964800.0
bit.ly,bit.ly,17-may-2022,1652745600.0
bitchyf.it,bitchyf.it,20-oct-2021,1634688000.0
bitcity.it,bitcity.it,11-apr-2021,1618099200.0
biteyourapple.net,biteyourapple.net,24-aug-2021,1629763200.0
bitterstrawberry.org,bitterstrawberry.org,08-nov-2021,1636329600.0
bleepingcomputer.com,bleepingcomputer.com,26-jan-2021,1611619200.0
bloomberg.com,bloomberg.com,28-sep-2021,1632787200.0
boingboing.net,boingboing.net,05-may-2021,1620172800.0
boobieblog.com,boobieblog.com,28-jan-2021,1611792000.0
boredpanda.com,boredpanda.com,23-jul-2023,1690070400.0
borsaitaliana.it,borsaitaliana.it,25-feb-2021,1614211200.0
botcrawl.com,botcrawl.com,19-dec-2021,1639872000.0
bradsdeals.com,bradsdeals.com,30-jun-2022,1656547200.0
branzilla.org,branzilla.org,15-jan-2021,1610668800.0
bravo-dog.com,bravo-dog.com,13-feb-2021,1613174400.0
breaknotizie.com,breaknotizie.com,23-oct-2021,1634947200.0
breathecast.com,breathecast.com,02-oct-2021,1633132800.0
bresciaoggi.it,bresciaoggi.it,17-mar-2021,1615939200.0
brighthub.com,brighthub.com,29-jun-2021,1624924800.0
bufale.net,bufale.net,04-feb-2021,1612396800.0
buonenotizie.it,buonenotizie.it,19-mar-2021,1616112000.0
buonicoupon.it,buonicoupon.it,05-oct-2021,1633392000.0
businessinsider.com,businessinsider.com,08-sep-2022,1662595200.0
businessmagazine.it,businessmagazine.it,11-nov-2021,1636588800.0
buzzfeednews.com,buzzfeednews.com,22-jul-2022,1658448000.0
calcio2000.it,calcio2000.it,14-apr-2021,1618358400.0
calcioblog.it,calcioblog.it,25-jan-2021,1611532800.0
calciomercato.com,calciomercato.com,12-oct-2021,1633996800.0
calcionapoli24.it,calcionapoli24.it,12-feb-2021,1613088000.0
calendari2012.com,calendari2012.com,13-mar-2021,1615593600.0
calendario-365.it,calendario-365.it,14-feb-2021,1613260800.0
cam4.com,cam4.com,28-jul-2023,1690502400.0
cam4.it,cam4.it,16-may-2021,1621123200.0
cambro.tv,cambro.tv,08-may-2021,1620432000.0
camelcamelcamel.com,camelcamelcamel.com,06-jan-2025,1736121600.0
catanzaroinforma.it,catanzaroinforma.it,15-jun-2021,1623715200.0
cb01.org,cb01.org,22-sep-2021,1632268800.0
ccm.net,ccm.net,10-dec-2021,1639094400.0
chandoo.org,chandoo.org,08-dec-2021,1638921600.0
channel4.com,channel4.com,16-nov-2021,1637020800.0
check-host.net,check-host.net,14-oct-2021,1634169600.0
chicagonow.com,chicagonow.com,09-mar-2021,1615248000.0
chomikuj.pl,chomikuj.pl,22-sep-2021,1632268800.0
cineblog.it,cineblog.it,25-jan-2021,1611532800.0
cintnetworks.com,cintnetworks.com,17-mar-2021,1615939200.0
cittaceleste.it,cittaceleste.it,30-oct-2021,1635552000.0
classifichemusica.com,classifichemusica.com,13-dec-2021,1639353600.0
cliccalavoro.it,cliccalavoro.it,22-aug-2021,1629590400.0
clickansave.net,clickansave.net,12-feb-2021,1613088000.0
clickpoint.com,clickpoint.com,12-feb-2022,1644624000.0
clickpoint.it,clickpoint.it,16-may-2021,1621123200.0
clkfeed.com,clkfeed.com,12-oct-2021,1633996800.0
cloudfront.net,cloudfront.net,25-apr-2024,1714003200.0
cloudtracked.com,cloudtracked.com,28-oct-2021,1635379200.0
clz3.net,clz3.net,26-apr-2021,1619395200.0
cn24tv.it,cn24tv.it,03-may-2021,1620000000.0
cnet.com,cnet.com,06-mar-2021,1614988800.0
codeforgeek.com,codeforgeek.com,30-may-2021,1622332800.0
codeonclick.com,codeonclick.com,27-apr-2021,1619481600.0
codeproject.com,codeproject.com,10-nov-2022,1668038400.0
coinmarketcap.com,coinmarketcap.com,28-apr-2023,1682640000.0
color-hex.com,color-hex.com,27-jan-2026,1769472000.0
colorburned.com,colorburned.com,02-apr-2021,1617321600.0
comingsoon.it,comingsoon.it,06-oct-2021,1633478400.0
commandwindows.com,commandwindows.com,20-apr-2024,1713571200.0
commentimemorabili.it,commentimemorabili.it,15-mar-2021,1615766400.0
compgroups.net,compgroups.net,13-nov-2021,1636761600.0
computerandvideogames.com,computerandvideogames.com,11-may-2021,1620691200.0
computerworld.com,computerworld.com,14-nov-2021,1636848000.0
computing.net,computing.net,06-mar-2027,1804291200.0
condominioweb.com,condominioweb.com,26-oct-2023,1698278400.0
corriere.it,corriere.it,05-aug-2021,1628121600.0
corrieredellacalabria.it,corrieredellacalabria.it,27-mar-2021,1616803200.0
corrieredellosport.it,corrieredellosport.it,23-apr-2021,1619136000.0
cosedicasa.com,cosedicasa.com,21-jun-2021,1624233600.0
cosenascoste.com,cosenascoste.com,14-apr-2021,1618358400.0
cpmoz.com,cpmoz.com,17-mar-2021,1615939200.0
cpmterra.com,cpmterra.com,21-oct-2021,1634774400.0
crackberry.com,crackberry.com,01-jun-2024,1717200000.0
crazylead.com,crazylead.com,11-nov-2021,1636588800.0
creativemac.com,creativemac.com,21-oct-2021,1634774400.0
cricfree.sx,cricfree.sx,24-may-2021,1621814400.0
ctrl.blog,ctrl.blog,23-jan-2022,1642896000.0
cuckolditaliani.com,cuckolditaliani.com,20-oct-2021,1634688000.0
cultofmac.com,cultofmac.com,01-feb-2023,1675209600.0
cupmagazine.com,cupmagazine.com,01-feb-2021,1612137600.0
curse.com,curse.com,27-nov-2021,1637971200.0
cwi.it,cwi.it,28-apr-2021,1619568000.0
da-ads.com,da-ads.com,30-jun-2021,1625011200.0
dagospia.com,dagospia.com,23-mar-2021,1616457600.0
dailybest.it,dailybest.it,21-jul-2021,1626825600.0
dailydot.com,dailydot.com,19-nov-2021,1637280000.0
dailygame.net,dailygame.net,22-aug-2021,1629590400.0
dailygreen.it,dailygreen.it,19-jan-2021,1611014400.0
dailymail.co.uk,dailymail.co.uk,17-jun-2028,1844812800.0
daniweb.com,daniweb.com,15-sep-2025,1757894400.0
dasolo.org,dasolo.org,20-jan-2021,1611100800.0
dday.it,dday.it,07-jul-2021,1625616000.0
dduniverse.net,dduniverse.net,18-oct-2021,1634515200.0
ddunlimited.net,ddunlimited.net,08-sep-2021,1631059200.0
delicious.com,delicious.com,19-nov-2023,1700352000.0
depositfiles.com,depositfiles.com,05-nov-2021,1636070400.0
deviantart.com,deviantart.com,08-aug-2021,1628380800.0
devshed.com,devshed.com,05-aug-2021,1628121600.0
diarioinenglish.com,diarioinenglish.com,01-oct-2021,1633046400.0
digital-sat.it,digital-sat.it,21-jun-2021,1624233600.0
digitalangel.it,digitalangel.it,10-nov-2021,1636502400.0
digitalcitizen.life,digitalcitizen.life,27-sep-2021,1632700800.0
digitaltrends.com,digitaltrends.com,04-jun-2024,1717459200.0
diigo.com,diigo.com,22-dec-2023,1703203200.0
dilei.it,dilei.it,30-nov-2021,1638230400.0
directrev.com,directrev.com,09-jul-2022,1657324800.0
diretta.it,diretta.it,22-feb-2021,1613952000.0
direttastreaming.com,direttastreaming.com,16-nov-2023,1700092800.0
dissapore.com,dissapore.com,03-feb-2021,1612310400.0
documoo.tv,documoo.tv,24-aug-2021,1629763200.0
doodle.com,doodle.com,05-dec-2021,1638662400.0
dosgamesarchive.com,dosgamesarchive.com,16-jun-2021,1623801600.0
doublepimp.com,doublepimp.com,03-jun-2021,1622678400.0
downdetector.com,downdetector.com,18-feb-2021,1613606400.0
downforeveryoneorjustme.com,downforeveryoneorjustme.com,13-mar-2028,1836518400.0
downloadblog.it,downloadblog.it,25-jan-2021,1611532800.0
downloadtimecalculator.com,downloadtimecalculator.com,20-dec-2021,1639958400.0
dphoneworld.net,dphoneworld.net,29-nov-2021,1638144000.0
dreamcar.it,dreamcar.it,02-feb-2021,1612224000.0
droidviews.com,droidviews.com,24-may-2021,1621814400.0
ducati.it,ducati.it,27-feb-2021,1614384000.0
dummies.com,dummies.com,17-dec-2021,1639699200.0
ebay.it,ebay.it,09-oct-2021,1633737600.0
eclkspbn.com,eclkspbn.com,15-jun-2021,1623715200.0
economist.com,economist.com,27-nov-2027,1827273600.0
edge-online.com,edge-online.com,08-feb-2021,1612742400.0
edintorni.net,edintorni.net,06-jul-2021,1625529600.0
edreams.it,edreams.it,21-feb-2021,1613865600.0
edugeek.net,edugeek.net,08-jun-2021,1623110400.0
efrennolasco.com,efrennolasco.com,14-dec-2027,1828742400.0
egotastic.com,egotastic.com,01-jun-2021,1622505600.0
ehow.com,ehow.com,15-nov-2021,1636934400.0
email.it,email.it,23-jul-2021,1626998400.0
emcelettronica.com,emcelettronica.com,02-jun-2021,1622592000.0
emiliameteo.net,emiliameteo.net,27-aug-2021,1630022400.0
emuparadise.me,emuparadise.me,15-jun-2021,1623715200.0
engadget.com,engadget.com,23-jan-2022,1642896000.0
enjoysharepoint.com,enjoysharepoint.com,03-sep-2021,1630627200.0
enterpriseios.com,enterpriseios.com,04-nov-2022,1667520000.0
eplaza.it,eplaza.it,19-jan-2021,1611014400.0
eprice.it,eprice.it,02-mar-2021,1614643200.0
ertosatie.com,ertosatie.com,25-jul-2021,1627171200.0
esetnod32keys4free.com,esetnod32keys4free.com,24-apr-2021,1619222400.0
esquire.com,esquire.com,20-dec-2021,1639958400.0
estense.com,estense.com,05-oct-2021,1633392000.0
eurogamer.it,eurogamer.it,18-jul-2021,1626566400.0
eurogamer.net,eurogamer.net,06-apr-2028,1838592000.0
eurostreaming.biz,eurostreaming.biz,04-sep-2021,1630713600.0
evomagazine.it,evomagazine.it,17-jun-2021,1623888000.0
exchangetips.us,exchangetips.us,06-mar-2022,1646524800.0
experts-exchange.com,experts-exchange.com,14-jul-2029,1878681600.0
explosm.net,explosm.net,09-dec-2027,1828310400.0
extratorrent.cc,extratorrent.cc,03-dec-2023,1701561600.0
faccedagioco.com,faccedagioco.com,03-aug-2021,1627948800.0
facebook.com,facebook.com,30-mar-2028,1837987200.0
fakeupdate.net,fakeupdate.net,24-jan-2021,1611446400.0
fanpage.it,fanpage.it,29-may-2021,1622246400.0
fantagazzetta.com,fantagazzetta.com,06-oct-2021,1633478400.0
fastcompany.com,fastcompany.com,01-jun-2025,1748736000.0
fastvideo.me,fastvideo.me,21-may-2021,1621555200.0
fastweb.it,fastweb.it,28-feb-2021,1614470400.0
fattoincasadabenedetta.it,fattoincasadabenedetta.it,02-sep-2021,1630540800.0
favicon-generator.org,favicon-generator.org,16-jan-2021,1610755200.0
fcitalia.com,fcitalia.com,25-sep-2021,1632528000.0
feedly.com,feedly.com,25-may-2028,1842825600.0
filearning.com,filearning.com,21-jul-2021,1626825600.0
filedropper.com,filedropper.com,19-mar-2021,1616112000.0
filehippo.com,filehippo.com,01-nov-2024,1730419200.0
filehorse.com,filehorse.com,06-dec-2021,1638748800.0
fileinfo.com,fileinfo.com,14-jul-2025,1752451200.0
filepi.com,filepi.com,11-may-2022,1652227200.0
filesharingtalk.com,filesharingtalk.com,10-dec-2021,1639094400.0
filesonic.it,filesonic.it,21-dec-2021,1640044800.0
filestube.com,filestube.com,23-may-2021,1621728000.0
filetarget.com,filetarget.com,31-aug-2021,1630368000.0
filmsenzalimiti.co,filmsenzalimiti.co,13-may-2021,1620864000.0
filmstream.me,filmstream.me,16-may-2021,1621123200.0
filmze-streamiz.com,filmze-streamiz.com,20-oct-2021,1634688000.0
finanza.com,finanza.com,22-may-2021,1621641600.0
findicons.com,findicons.com,22-mar-2022,1647907200.0
firedrive.com,firedrive.com,03-apr-2021,1617408000.0
firstmediahub.com,firstmediahub.com,20-mar-2021,1616198400.0
flashplayer-updates.com,flashplayer-updates.com,20-dec-2021,1639958400.0
flashx.tv,flashx.tv,01-sep-2021,1630454400.0
flaticon.com,flaticon.com,10-may-2021,1620604800.0
flickr.com,flickr.com,22-nov-2022,1669075200.0
flightradar24.com,flightradar24.com,01-jan-2025,1735689600.0
flycell.it,flycell.it,23-nov-2021,1637625600.0
fogliata.net,fogliata.net,01-apr-2021,1617235200.0
forbes.com,forbes.com,16-jun-2022,1655337600.0
forensicfocus.com,forensicfocus.com,29-jul-2021,1627516800.0
fortune.com,fortune.com,01-jun-2021,1622505600.0
forumfree.it,forumfree.it,06-feb-2021,1612569600.0
fossbytes.com,fossbytes.com,02-aug-2022,1659398400.0
foursquareitalia.org,foursquareitalia.org,18-sep-2021,1631923200.0
foxtv.it,foxtv.it,30-jan-2021,1611964800.0
francescocosta.net,francescocosta.net,16-jul-2021,1626393600.0
franchiseherald.com,franchiseherald.com,01-feb-2021,1612137600.0
freemake.com,freemake.com,18-may-2025,1747526400.0
freemodding.it,freemodding.it,07-apr-2021,1617753600.0
freeonline.org,freeonline.org,19-oct-2021,1634601600.0
freeroms.com,freeroms.com,13-feb-2025,1739404800.0
freewebcams.com,freewebcams.com,02-apr-2021,1617321600.0
friendlyappz.com,friendlyappz.com,16-aug-2021,1629072000.0
fruji.com,fruji.com,29-oct-2021,1635465600.0
ft.com,ft.com,29-nov-2021,1638144000.0
fullstuff.net,fullstuff.net,17-may-2021,1621209600.0
fwmrm.net,fwmrm.net,13-nov-2021,1636761600.0
gadgethacks.com,gadgethacks.com,10-oct-2027,1823126400.0
game-experience.it,game-experience.it,27-may-2021,1622073600.0
gameforge.com,gameforge.com,28-aug-2021,1630108800.0
gamefront.com,gamefront.com,20-may-2027,1810771200.0
gamemag.it,gamemag.it,09-jun-2021,1623196800.0
gamepal.it,gamepal.it,29-may-2021,1622246400.0
gamer-network.net,gamer-network.net,11-feb-2021,1613001600.0
games.it,games.it,14-jun-2021,1623628800.0
gamesource.it,gamesource.it,11-apr-2021,1618099200.0
gamesradar.com,gamesradar.com,04-aug-2022,1659571200.0
gamestop.it,gamestop.it,15-jan-2021,1610668800.0
gazzetta.it,gazzetta.it,05-aug-2021,1628121600.0
gazzettadiparma.it,gazzettadiparma.it,13-nov-2021,1636761600.0
geekissimo.com,geekissimo.com,13-nov-2022,1668297600.0
general-files.org,general-files.org,09-nov-2021,1636416000.0
getbootstrap.com,getbootstrap.com,10-jan-2023,1673308800.0
getemoji.com,getemoji.com,27-jul-2027,1816646400.0
ghacks.net,ghacks.net,03-oct-2023,1696291200.0
gickr.com,gickr.com,12-oct-2021,1633996800.0
gilsmethod.com,gilsmethod.com,07-aug-2021,1628294400.0
giorgiotave.it,giorgiotave.it,15-jul-2021,1626307200.0
giornalegiornaliero.com,giornalegiornaliero.com,29-jan-2021,1611878400.0
giornalettismo.com,giornalettismo.com,24-aug-2021,1629763200.0
gioxx.org,gioxx.org,24-mar-2021,1616544000.0
gizmodo.com,gizmodo.com,01-jul-2021,1625097600.0
golandwin.it,golandwin.it,19-aug-2021,1629331200.0
gooble.info,gooble.info,23-jan-2021,1611360000.0
google.com,google.com,14-sep-2028,1852502400.0
google.it,google.it,21-apr-2021,1618963200.0
googlesyndication.com,googlesyndication.com,21-jan-2021,1611187200.0
gottabemobile.com,gottabemobile.com,07-feb-2029,1865116800.0
gpone.com,gpone.com,15-nov-2021,1636934400.0
gqitalia.it,gqitalia.it,18-oct-2021,1634515200.0
graphberry.com,graphberry.com,08-aug-2021,1628380800.0
greasyfork.org,greasyfork.org,10-feb-2022,1644451200.0
greenme.it,greenme.it,21-jul-2021,1626825600.0
groupon.it,groupon.it,14-jun-2021,1623628800.0
gsmarena.com,gsmarena.com,15-jun-2023,1686787200.0
guardaserie.net,guardaserie.net,11-oct-2021,1633910400.0
guardian.co.uk,guardian.co.uk,16-jun-2022,1655337600.0
guidaacquisti.net,guidaacquisti.net,12-mar-2022,1647043200.0
gurustop.net,gurustop.net,15-nov-2021,1636934400.0
h-online.com,h-online.com,23-nov-2021,1637625600.0
h33t.com,h33t.com,22-nov-2021,1637539200.0
hardreset.info,hardreset.info,02-jun-2021,1622592000.0
hattrick.org,hattrick.org,13-apr-2021,1618272000.0
hdblog.it,hdblog.it,30-apr-2021,1619740800.0
headadmin.net,headadmin.net,02-mar-2021,1614643200.0
helpdeskgeek.com,helpdeskgeek.com,02-aug-2025,1754092800.0
hhourtrk2.com,hhourtrk2.com,11-feb-2021,1613001600.0
hongkiat.com,hongkiat.com,01-may-2021,1619827200.0
hostingtalk.it,hostingtalk.it,11-aug-2021,1628640000.0
hotscripts.com,hotscripts.com,12-sep-2021,1631404800.0
howsecureismypassword.net,howsecureismypassword.net,23-apr-2022,1650672000.0
howto-outlook.com,howto-outlook.com,07-may-2021,1620345600.0
howtogeek.com,howtogeek.com,11-sep-2024,1726012800.0
hqstream.tv,hqstream.tv,12-aug-2021,1628726400.0
hstpnetwork.com,hstpnetwork.com,25-jun-2021,1624579200.0
htaccess-guide.com,htaccess-guide.com,06-jun-2021,1622937600.0
html.it,html.it,14-sep-2021,1631577600.0
huffingtonpost.com,huffingtonpost.com,10-mar-2022,1646870400.0
huffingtonpost.it,huffingtonpost.it,06-mar-2021,1614988800.0
hwdrivers.com,hwdrivers.com,27-mar-2021,1616803200.0
hwfiles.it,hwfiles.it,09-jun-2021,1623196800.0
hwlegend.com,hwlegend.com,28-sep-2021,1632787200.0
hwupgrade.it,hwupgrade.it,24-jul-2021,1627084800.0
hyperspin.com,hyperspin.com,09-jul-2024,1720483200.0
ibtimes.co.uk,ibtimes.co.uk,08-mar-2024,1709856000.0
iconshut.com,iconshut.com,28-aug-2021,1630108800.0
iconspedia.com,iconspedia.com,06-nov-2021,1636156800.0
idealista.it,idealista.it,09-aug-2021,1628467200.0
idownloadblog.com,idownloadblog.com,06-may-2021,1620259200.0
ifans.com,ifans.com,13-jul-2023,1689206400.0
ign.com,ign.com,24-jul-2025,1753315200.0
igossip.it,igossip.it,23-jun-2021,1624406400.0
ilcorsaronero.link,ilcorsaronero.link,29-apr-2021,1619654400.0
ilfattoquotidiano.it,ilfattoquotidiano.it,08-jun-2021,1623110400.0
ilgarantista.it,ilgarantista.it,06-jul-2021,1625529600.0
ilgiornale.it,ilgiornale.it,25-may-2021,1621900800.0
ilgiorno.it,ilgiorno.it,10-aug-2021,1628553600.0
illumeably.com,illumeably.com,23-jun-2021,1624406400.0
ilmattino.it,ilmattino.it,21-may-2021,1621555200.0
ilmessaggero.it,ilmessaggero.it,23-jan-2021,1611360000.0
ilmeteo.it,ilmeteo.it,02-aug-2021,1627862400.0
ilmilaneseimbruttito.com,ilmilaneseimbruttito.com,22-mar-2021,1616371200.0
ilpost.it,ilpost.it,11-oct-2021,1633910400.0
ilquotidianodellacalabria.it,ilquotidianodellacalabria.it,27-nov-2021,1637971200.0
ilrestodelcarlino.it,ilrestodelcarlino.it,27-jul-2021,1627344000.0
ilsecoloxix.it,ilsecoloxix.it,29-oct-2021,1635465600.0
ilsoftware.it,ilsoftware.it,13-nov-2021,1636761600.0
ilsole24ore.com,ilsole24ore.com,17-nov-2021,1637107200.0
ilsussidiario.net,ilsussidiario.net,19-dec-2021,1639872000.0
iltempo.it,iltempo.it,24-nov-2021,1637712000.0
imagerip.net,imagerip.net,17-sep-2021,1631836800.0
imageshack.com,imageshack.com,11-aug-2023,1691712000.0
imageshack.us,imageshack.us,11-nov-2021,1636588800.0
imdb.com,imdb.com,04-jan-2024,1704326400.0
immobiliare.it,immobiliare.it,02-may-2021,1619913600.0
imore.com,imore.com,19-sep-2022,1663545600.0
inc.com,inc.com,07-mar-2029,1867536000.0
incesti.com,incesti.com,24-feb-2021,1614124800.0
inclk.com,inclk.com,18-apr-2021,1618704000.0
incredibilia.it,incredibilia.it,21-jan-2021,1611187200.0
independent.co.uk,independent.co.uk,02-feb-2021,1612224000.0
infiltrato.it,infiltrato.it,08-apr-2021,1617840000.0
infobel.com,infobel.com,24-aug-2021,1629763200.0
infojobs.it,infojobs.it,20-jan-2021,1611100800.0
infopart.org,infopart.org,03-oct-2021,1633219200.0
informarexresistere.fr,informarexresistere.fr,31-may-2021,1622419200.0
infoworld.com,infoworld.com,12-nov-2021,1636675200.0
instantshift.com,instantshift.com,21-aug-2023,1692576000.0
instructables.com,instructables.com,22-jun-2021,1624320000.0
intellitxt.com,intellitxt.com,14-feb-2021,1613260800.0
internazionale.it,internazionale.it,29-nov-2021,1638144000.0
inthetechpit.com,inthetechpit.com,22-nov-2021,1637539200.0
intrage.it,intrage.it,30-jan-2021,1611964800.0
investing.com,investing.com,24-feb-2025,1740355200.0
iovadoalcinema.it,iovadoalcinema.it,04-feb-2021,1612396800.0
iovivoaroma.it,iovivoaroma.it,09-may-2021,1620518400.0
iphoneitalia.com,iphoneitalia.com,07-dec-2022,1670371200.0
ipodrepublic.com,ipodrepublic.com,30-nov-2021,1638230400.0
iptrace.in,iptrace.in,19-feb-2021,1613692800.0
ispazio.net,ispazio.net,08-dec-2021,1638921600.0
italia-film.com,italia-film.com,09-jul-2021,1625788800.0
italia-film.me,italia-film.me,01-apr-2021,1617235200.0
italia-news.it,italia-news.it,08-feb-2021,1612742400.0
italiafruit.net,italiafruit.net,12-feb-2021,1613088000.0
italianshare.net,italianshare.net,23-mar-2021,1616457600.0
italiaserie.co,italiaserie.co,20-apr-2021,1618876800.0
italiatopgames.it,italiatopgames.it,08-feb-2021,1612742400.0
itascan.info,itascan.info,17-jul-2021,1626480000.0
itechtics.com,itechtics.com,01-mar-2021,1614556800.0
itespresso.it,itespresso.it,14-mar-2021,1615680000.0
itpro.co.uk,itpro.co.uk,06-oct-2021,1633478400.0
itproportal.com,itproportal.com,18-mar-2021,1616025600.0
iusethis.com,iusethis.com,18-jan-2021,1610928000.0
ivid.it,ivid.it,05-oct-2021,1633392000.0
izismile.com,izismile.com,08-mar-2021,1615161600.0
j.gs,j.gs,15-feb-2021,1613347200.0
jaxov.com,jaxov.com,25-mar-2021,1616630400.0
jigzone.com,jigzone.com,31-mar-2024,1711843200.0
jobrapido.it,jobrapido.it,10-feb-2021,1612915200.0
jooble.it,jooble.it,28-mar-2021,1616889600.0
joystiq.com,joystiq.com,10-may-2021,1620604800.0
juiceadv.com,juiceadv.com,29-jan-2021,1611878400.0
justin.tv,justin.tv,18-aug-2021,1629244800.0
justwatch.com,justwatch.com,03-jun-2021,1622678400.0
kapilarya.com,kapilarya.com,04-nov-2025,1762214400.0
katproxy.com,katproxy.com,11-oct-2021,1633910400.0
keepvid.com,keepvid.com,07-mar-2022,1646611200.0
key4biz.it,key4biz.it,23-oct-2021,1634947200.0
kickass.so,kickass.so,08-jul-2021,1625702400.0
kijiji.it,kijiji.it,21-apr-2021,1618963200.0
kingdomgame.it,kingdomgame.it,18-apr-2021,1618704000.0
komando.com,komando.com,08-nov-2024,1731024000.0
komoona.com,komoona.com,26-sep-2021,1632614400.0
kotaku.co.uk,kotaku.co.uk,20-jan-2021,1611100800.0
krebsonsecurity.com,krebsonsecurity.com,23-nov-2026,1795392000.0
la7.it,la7.it,21-jan-2021,1611187200.0
labaia.ws,labaia.ws,10-jun-2021,1623283200.0
labnol.org,labnol.org,15-dec-2021,1639526400.0
lacnews24.it,lacnews24.it,08-aug-2021,1628380800.0
lafucina.it,lafucina.it,25-jul-2021,1627171200.0
lalaziosiamonoi.it,lalaziosiamonoi.it,04-aug-2021,1628035200.0
laleggepertutti.it,laleggepertutti.it,14-nov-2021,1636848000.0
laltranotizia.net,laltranotizia.net,09-sep-2021,1631145600.0
lansweeper.com,lansweeper.com,04-jun-2022,1654300800.0
laprovinciadicomo.it,laprovinciadicomo.it,05-jun-2021,1622851200.0
larena.it,larena.it,17-mar-2021,1615939200.0
lastampa.it,lastampa.it,30-mar-2021,1617062400.0
lastfm.it,lastfm.it,23-apr-2021,1619136000.0
lastpass.com,lastpass.com,02-jan-2027,1798848000.0
latinospost.com,latinospost.com,26-jan-2021,1611619200.0
leganerd.com,leganerd.com,26-oct-2021,1635206400.0
leggo.it,leggo.it,23-sep-2021,1632355200.0
leitv.it,leitv.it,20-oct-2021,1634688000.0
letitbit.net,letitbit.net,06-jun-2021,1622937600.0
lettera43.it,lettera43.it,12-jul-2021,1626048000.0
libero.it,libero.it,03-jun-2021,1622678400.0
liberoquotidiano.it,liberoquotidiano.it,30-oct-2021,1635552000.0
librestock.com,librestock.com,07-oct-2021,1633564800.0
lifehacker.com,lifehacker.com,08-sep-2021,1631059200.0
lifewire.com,lifewire.com,25-nov-2021,1637798400.0
ligatus.com,ligatus.com,10-jan-2022,1641772800.0
liligo.it,liligo.it,11-may-2021,1620691200.0
liliputing.com,liliputing.com,09-apr-2021,1617926400.0
linkbucks.com,linkbucks.com,02-dec-2021,1638403200.0
linkedin.com,linkedin.com,02-nov-2022,1667347200.0
linkiesta.it,linkiesta.it,11-mar-2021,1615420800.0
linktarget.com,linktarget.com,27-jun-2021,1624752000.0
linuxuser.co.uk,linuxuser.co.uk,03-nov-2021,1635897600.0
liveadexchanger.com,liveadexchanger.com,05-mar-2021,1614902400.0
liveadoptimizer.com,liveadoptimizer.com,05-mar-2021,1614902400.0
livejasmin.com,livejasmin.com,12-nov-2021,1636675200.0
livenation.it,livenation.it,01-feb-2021,1612137600.0
livesicilia.it,livesicilia.it,15-sep-2021,1631664000.0
livinginterior.it,livinginterior.it,12-feb-2021,1613088000.0
loading-delivery1.com,loading-delivery1.com,10-apr-2021,1618012800.0
lockerz.com,lockerz.com,16-mar-2021,1615852800.0
lolnexus.com,lolnexus.com,14-jun-2021,1623628800.0
lolstatistics.com,lolstatistics.com,18-jan-2021,1610928000.0
lonelyplanetitalia.it,lonelyplanetitalia.it,06-apr-2021,1617667200.0
lpcloudsvr203.com,lpcloudsvr203.com,09-mar-2021,1615248000.0
luca-mercatanti.com,luca-mercatanti.com,16-jan-2021,1610755200.0
lupoporno.com,lupoporno.com,07-apr-2022,1649289600.0
mac-forums.com,mac-forums.com,26-oct-2021,1635206400.0
macitynet.it,macitynet.it,13-may-2021,1620864000.0
maciverse.com,maciverse.com,16-jan-2021,1610755200.0
macnn.com,macnn.com,21-feb-2021,1613865600.0
macrumors.com,macrumors.com,24-feb-2029,1866585600.0
macstories.net,macstories.net,27-apr-2021,1619481600.0
macupdate.com,macupdate.com,02-may-2021,1619913600.0
macusato.it,macusato.it,30-nov-2021,1638230400.0
macworld.co.uk,macworld.co.uk,14-sep-2021,1631577600.0
macworld.com,macworld.com,23-nov-2021,1637625600.0
madtrip.co,madtrip.co,21-nov-2021,1637452800.0
majorgeeks.com,majorgeeks.com,07-apr-2023,1680825600.0
maketecheasier.com,maketecheasier.com,10-nov-2025,1762732800.0
makeuseof.com,makeuseof.com,03-jul-2021,1625270400.0
mangaforever.net,mangaforever.net,12-mar-2021,1615507200.0
mangafox.com,mangafox.com,08-oct-2022,1665187200.0
mangareader.net,mangareader.net,24-apr-2021,1619222400.0
manuali.net,manuali.net,05-may-2021,1620172800.0
marapcana.life,marapcana.life,12-jun-2021,1623456000.0
marcheingol.it,marcheingol.it,30-may-2021,1622332800.0
marketresearchglobal.com,marketresearchglobal.com,18-may-2021,1621296000.0
mashable.com,mashable.com,19-jul-2025,1752883200.0
matrimonio.it,matrimonio.it,07-apr-2021,1617753600.0
mauxa.com,mauxa.com,01-feb-2021,1612137600.0
maxigossip.com,maxigossip.com,02-may-2021,1619913600.0
maxonclick.com,maxonclick.com,27-apr-2021,1619481600.0
mbnews.it,mbnews.it,12-apr-2021,1618185600.0
mbtrx.com,mbtrx.com,21-feb-2023,1676937600.0
media1first.com,media1first.com,11-apr-2021,1618099200.0
mediafire.com,mediafire.com,11-aug-2021,1628640000.0
mediaset.it,mediaset.it,01-dec-2021,1638316800.0
medium.com,medium.com,26-may-2021,1621987200.0
megalab.it,megalab.it,09-jun-2021,1623196800.0
megapopads.com,megapopads.com,12-jun-2021,1623456000.0
megaportale.biz,megaportale.biz,06-nov-2021,1636156800.0
megastreaming.biz,megastreaming.biz,07-may-2021,1620345600.0
melablog.it,melablog.it,08-feb-2021,1612742400.0
melamorsicata.it,melamorsicata.it,05-apr-2021,1617580800.0
mellowads.com,mellowads.com,03-mar-2021,1614729600.0
mentelocale.it,mentelocale.it,10-jun-2021,1623283200.0
mercatinomusicale.com,mercatinomusicale.com,22-jul-2022,1658448000.0
metacritic.com,metacritic.com,16-jul-2021,1626393600.0
meteo.it,meteo.it,10-aug-2021,1628553600.0
michlstechblog.info,michlstechblog.info,18-feb-2021,1613606400.0
milano-italia.it,milano-italia.it,08-apr-2021,1617840000.0
milanocam.it,milanocam.it,16-mar-2021,1615852800.0
milanodabere.it,milanodabere.it,29-aug-2021,1630195200.0
milanoevents.it,milanoevents.it,09-apr-2021,1617926400.0
milanolife.it,milanolife.it,15-jul-2021,1626307200.0
milanotoday.it,milanotoday.it,11-feb-2021,1613001600.0
milleguide.com,milleguide.com,16-may-2021,1621123200.0
minecraft-italia.it,minecraft-italia.it,11-nov-2021,1636588800.0
miniclip.com,miniclip.com,09-jun-2025,1749427200.0
minoto-video.com,minoto-video.com,16-dec-2021,1639612800.0
mioaffitto.it,mioaffitto.it,06-may-2021,1620259200.0
missilehugger.com,missilehugger.com,11-oct-2021,1633910400.0
mitula.it,mitula.it,28-feb-2021,1614470400.0
mmosite.com,mmosite.com,17-jun-2021,1623888000.0
mockbox.net,mockbox.net,16-sep-2024,1726444800.0
mofunzone.com,mofunzone.com,31-jul-2022,1659225600.0
mollotutto.com,mollotutto.com,02-aug-2022,1659398400.0
mondofox.it,mondofox.it,30-jan-2021,1611964800.0
mondoxbox.com,mondoxbox.com,21-oct-2022,1666310400.0
monova.org,monova.org,09-jun-2025,1749427200.0
motigo.com,motigo.com,15-nov-2021,1636934400.0
moto.it,moto.it,12-sep-2021,1631404800.0
motogp.com,motogp.com,20-aug-2021,1629417600.0
mrwebmaster.it,mrwebmaster.it,05-nov-2021,1636070400.0
msexchange.org,msexchange.org,30-apr-2021,1619740800.0
msn.com,msn.com,04-jun-2022,1654300800.0
msnbc.com,msnbc.com,21-jun-2024,1718928000.0
msoutlook.info,msoutlook.info,23-mar-2021,1616457600.0
multiplayer.it,multiplayer.it,11-apr-2021,1618099200.0
multiupload.com,multiupload.com,11-jul-2024,1720656000.0
musicbrainz.org,musicbrainz.org,17-jul-2029,1878940800.0
my-personaltrainer.it,my-personaltrainer.it,31-mar-2021,1617148800.0
mybest.it,mybest.it,24-sep-2021,1632441600.0
mymovies.it,mymovies.it,09-nov-2021,1636416000.0
mynight.pl,mynight.pl,25-feb-2021,1614211200.0
mysalessystem.com,mysalessystem.com,05-apr-2021,1617580800.0
mytaste.it,mytaste.it,11-mar-2021,1615420800.0
n99adshostnet.com,n99adshostnet.com,04-sep-2021,1630713600.0
napolitoday.it,napolitoday.it,11-feb-2021,1613001600.0
napolux.com,napolux.com,01-dec-2021,1638316800.0
navigaweb.net,navigaweb.net,08-apr-2021,1617840000.0
nbcnews.com,nbcnews.com,25-jun-2021,1624579200.0
neogaf.com,neogaf.com,01-feb-2023,1675209600.0
neowin.net,neowin.net,02-oct-2023,1696204800.0
net-keylogger.info,net-keylogger.info,01-apr-2021,1617235200.0
newalbumreleases.net,newalbumreleases.net,08-feb-2021,1612742400.0
newslinet.com,newslinet.com,22-mar-2021,1616371200.0
newsrimini.it,newsrimini.it,30-aug-2021,1630281600.0
newstreet.it,newstreet.it,12-may-2021,1620777600.0
nexac.com,nexac.com,30-oct-2021,1635552000.0
nextlnk1.com,nextlnk1.com,28-feb-2021,1614470400.0
nextwindows.ru,nextwindows.ru,13-dec-2021,1639353600.0
ninjamarketing.it,ninjamarketing.it,25-jan-2021,1611532800.0
nintendolife.com,nintendolife.com,29-oct-2023,1698537600.0
nintendon.it,nintendon.it,12-aug-2021,1628726400.0
nolabnoparty.com,nolabnoparty.com,11-feb-2021,1613001600.0
nonsolocap.it,nonsolocap.it,14-oct-2021,1634169600.0
notadisciplinare.it,notadisciplinare.it,17-mar-2021,1615939200.0
notebookcheck.it,notebookcheck.it,24-jul-2021,1627084800.0
notebookitalia.it,notebookitalia.it,25-oct-2021,1635120000.0
notizie.it,notizie.it,25-mar-2021,1616630400.0
nuggad.net,nuggad.net,05-feb-2022,1644019200.0
nwsource.com,nwsource.com,19-nov-2021,1637280000.0
nxmac.com,nxmac.com,16-mar-2021,1615852800.0
nytimes.com,nytimes.com,19-jan-2023,1674086400.0
o365info.com,o365info.com,13-jun-2021,1623542400.0
office365itpros.com,office365itpros.com,22-jan-2021,1611273600.0
oggitreviso.it,oggitreviso.it,07-aug-2021,1628294400.0
oilproject.org,oilproject.org,07-sep-2021,1630972800.0
oknovara.it,oknovara.it,28-jan-2021,1611792000.0
ollo.it,ollo.it,17-oct-2021,1634428800.0
oltreuomo.com,oltreuomo.com,12-mar-2021,1615507200.0
omgili.com,omgili.com,26-jul-2024,1721952000.0
omniauto.it,omniauto.it,12-nov-2021,1636675200.0
onclickads.net,onclickads.net,03-jun-2021,1622678400.0
onclickpredictiv.com,onclickpredictiv.com,27-apr-2021,1619481600.0
ondarock.it,ondarock.it,07-feb-2021,1612656000.0
onesafe-software.com,onesafe-software.com,27-mar-2021,1616803200.0
online-convert.com,online-convert.com,23-may-2024,1716422400.0
online-tech-tips.com,online-tech-tips.com,18-apr-2022,1650240000.0
open.online,open.online,26-oct-2022,1666742400.0
opendns.com,opendns.com,04-sep-2021,1630713600.0
opinioni.it,opinioni.it,05-dec-2021,1638662400.0
orbitdownloader.com,orbitdownloader.com,18-oct-2021,1634515200.0
osxdaily.com,osxdaily.com,16-nov-2022,1668556800.0
outcast.it,outcast.it,02-oct-2021,1633132800.0
overclock.net,overclock.net,13-may-2021,1620864000.0
overpress.it,overpress.it,04-aug-2021,1628035200.0
ow.ly,ow.ly,20-nov-2025,1763596800.0
paddypower.it,paddypower.it,12-aug-2021,1628726400.0
pagomeno.it,pagomeno.it,17-jun-2021,1623888000.0
panorama-auto.it,panorama-auto.it,02-nov-2021,1635811200.0
panorama.it,panorama.it,01-mar-2021,1614556800.0
parliamodivideogiochi.it,parliamodivideogiochi.it,01-oct-2021,1633046400.0
parmatoday.it,parmatoday.it,16-may-2021,1621123200.0
passepartout.net,passepartout.net,30-jun-2021,1625011200.0
pastebin.com,pastebin.com,03-sep-2028,1851552000.0
patentequiz.net,patentequiz.net,26-mar-2021,1616716800.0
pcadvisor.co.uk,pcadvisor.co.uk,29-oct-2021,1635465600.0
pclicious.com,pclicious.com,23-apr-2021,1619136000.0
pcmag.com,pcmag.com,27-jul-2024,1722038400.0
pcprofessionale.it,pcprofessionale.it,09-apr-2021,1617926400.0
pcworld.com,pcworld.com,25-apr-2021,1619308800.0
perfectgeeks.com,perfectgeeks.com,02-dec-2021,1638403200.0
pes-patch.com,pes-patch.com,24-mar-2022,1648080000.0
petapixel.com,petapixel.com,08-feb-2026,1770508800.0
petenetlive.com,petenetlive.com,02-may-2021,1619913600.0
petri.co.il,petri.co.il,17-jun-2021,1623888000.0
petri.com,petri.com,06-jun-2024,1717632000.0
pexels.com,pexels.com,15-may-2022,1652572800.0
phica.net,phica.net,01-aug-2021,1627776000.0
phicatube.net,phicatube.net,04-feb-2021,1612396800.0
photobucket.com,photobucket.com,08-may-2021,1620432000.0
pillamaro.it,pillamaro.it,27-jun-2021,1624752000.0
pimylifeup.com,pimylifeup.com,24-jun-2029,1876953600.0
pinceladasdaweb.com.br,pinceladasdaweb.com.br,20-apr-2021,1618876800.0
pingtest.net,pingtest.net,09-may-2022,1652054400.0
pinkblog.it,pinkblog.it,25-jan-2021,1611532800.0
pirateproxy.cc,pirateproxy.cc,20-dec-2021,1639958400.0
piratestreaming.co,piratestreaming.co,02-sep-2021,1630540800.0
pixhost.me,pixhost.me,19-oct-2021,1634601600.0
placehold.it,placehold.it,04-feb-2021,1612396800.0
playboy.com,playboy.com,15-feb-2021,1613347200.0
playstationbit.com,playstationbit.com,18-apr-2022,1650240000.0
plugrush.com,plugrush.com,25-sep-2022,1664064000.0
pmi.it,pmi.it,14-sep-2021,1631577600.0
pocketgamer.co.uk,pocketgamer.co.uk,28-jul-2021,1627430400.0
pokeritaliaweb.org,pokeritaliaweb.org,13-mar-2021,1615593600.0
polygon.com,polygon.com,16-jul-2021,1626393600.0
popads.net,popads.net,16-may-2022,1652659200.0
popcap.com,popcap.com,28-jun-2021,1624838400.0
popcash.net,popcash.net,13-aug-2022,1660348800.0
populis.com,populis.com,02-feb-2021,1612224000.0
pornhub.com,pornhub.com,31-oct-2021,1635638400.0
pornmd.com,pornmd.com,26-jun-2021,1624665600.0
portaportese.it,portaportese.it,22-oct-2021,1634860800.0
primaonline.it,primaonline.it,07-mar-2021,1615075200.0
programmiedovetrovarli.it,programmiedovetrovarli.it,28-oct-2021,1635379200.0
promotelefonia.it,promotelefonia.it,08-apr-2021,1617840000.0
prontoimprese.it,prontoimprese.it,13-mar-2021,1615593600.0
pspiso.com,pspiso.com,24-sep-2021,1632441600.0
psu.com,psu.com,03-mar-2021,1614729600.0
pubblicitaitalia.it,pubblicitaitalia.it,11-may-2021,1620691200.0
publiweb.com,publiweb.com,26-may-2021,1621987200.0
pubted.com,pubted.com,05-jul-2021,1625443200.0
punto-informatico.it,punto-informatico.it,03-aug-2021,1627948800.0
puntocellulare.it,puntocellulare.it,20-mar-2021,1616198400.0
punypng.com,punypng.com,28-jun-2021,1624838400.0
purgrobi.com,purgrobi.com,03-sep-2021,1630627200.0
q.gs,q.gs,16-feb-2021,1613433600.0
qlnews.it,qlnews.it,18-sep-2021,1631923200.0
quattroruote.it,quattroruote.it,10-oct-2021,1633824000.0
quotidiano.net,quotidiano.net,30-jan-2021,1611964800.0
r101.it,r101.it,29-apr-2021,1619654400.0
rackcdn.com,rackcdn.com,15-dec-2021,1639526400.0
radiocompany.com,radiocompany.com,02-dec-2021,1638403200.0
ragazzeinvendita.com,ragazzeinvendita.com,18-jan-2021,1610928000.0
ragmgci3.com,ragmgci3.com,05-feb-2021,1612483200.0
rai.it,rai.it,29-jan-2021,1611878400.0
rai.tv,rai.tv,23-jun-2021,1624406400.0
raiplay.it,raiplay.it,24-may-2021,1621814400.0
rapidvideo.org,rapidvideo.org,18-jul-2021,1626566400.0
rapidvideo.tv,rapidvideo.tv,15-jan-2021,1610668800.0
ravenna24ore.it,ravenna24ore.it,19-may-2021,1621382400.0
ravennaedintorni.it,ravennaedintorni.it,26-jan-2021,1611619200.0
ravennanotizie.it,ravennanotizie.it,25-jun-2021,1624579200.0
ravennatoday.it,ravennatoday.it,02-jun-2021,1622592000.0
rdsa2012.com,rdsa2012.com,23-mar-2021,1616457600.0
realtimetv.it,realtimetv.it,15-sep-2021,1631664000.0
reddit.com,reddit.com,29-apr-2022,1651190400.0
reggiosera.it,reggiosera.it,20-mar-2021,1616198400.0
repubblica.it,repubblica.it,16-jan-2021,1610755200.0
rev2pub.com,rev2pub.com,12-jun-2021,1623456000.0
reviewmeta.com,reviewmeta.com,02-dec-2026,1796169600.0
riccardomasutti.com,riccardomasutti.com,10-feb-2026,1770681600.0
rietilife.com,rietilife.com,12-feb-2021,1613088000.0
rivcash.com,rivcash.com,22-aug-2021,1629590400.0
rivistastudio.com,rivistastudio.com,10-nov-2021,1636502400.0
rizonesoft.com,rizonesoft.com,22-jun-2022,1655856000.0
robertochibbaro.it,robertochibbaro.it,05-aug-2021,1628121600.0
robertoiacono.it,robertoiacono.it,26-aug-2021,1629936000.0
rollingstone.it,rollingstone.it,23-jul-2021,1626998400.0
romalife.it,romalife.it,29-oct-2021,1635465600.0
romatoday.it,romatoday.it,11-feb-2021,1613001600.0
roulettebotplus.com,roulettebotplus.com,06-dec-2021,1638748800.0
rumors.it,rumors.it,23-sep-2021,1632355200.0
rumorscity.com,rumorscity.com,10-jul-2021,1625875200.0
runtastic.com,runtastic.com,29-nov-2021,1638144000.0
saggiamente.com,saggiamente.com,22-sep-2021,1632268800.0
salepepe.it,salepepe.it,15-jan-2021,1610668800.0
saluteperme.com,saluteperme.com,26-feb-2021,1614297600.0
saraelesueamiche.it,saraelesueamiche.it,07-apr-2021,1617753600.0
scorecardresearch.com,scorecardresearch.com,01-nov-2021,1635724800.0
screenweek.it,screenweek.it,26-jul-2021,1627257600.0
scribd.com,scribd.com,24-sep-2021,1632441600.0
scriptcopy.com,scriptcopy.com,06-dec-2021,1638748800.0
scriptmasters.info,scriptmasters.info,06-mar-2021,1614988800.0
sendspace.com,sendspace.com,14-jul-2021,1626220800.0
serverfault.com,serverfault.com,15-mar-2021,1615766400.0
serving-sys.com,serving-sys.com,16-apr-2022,1650067200.0
servizioallerta.it,servizioallerta.it,30-oct-2021,1635552000.0
serviziopubblico.it,serviziopubblico.it,05-sep-2021,1630800000.0
sex-flow.com,sex-flow.com,24-feb-2021,1614124800.0
sh.st,sh.st,01-jul-2021,1625097600.0
sharingfreelive.net,sharingfreelive.net,17-may-2021,1621209600.0
shop4freebies.com,shop4freebies.com,10-mar-2023,1678406400.0
shopping.com,shopping.com,02-jul-2021,1625184000.0
shoppydoo.it,shoppydoo.it,28-aug-2021,1630108800.0
shouldiremoveit.com,shouldiremoveit.com,07-dec-2021,1638835200.0
shoutmeloud.com,shoutmeloud.com,30-nov-2023,1701302400.0
shutterencoder.com,shutterencoder.com,11-sep-2021,1631318400.0
sicurauto.it,sicurauto.it,03-feb-2021,1612310400.0
simply-hentai.com,simply-hentai.com,30-jan-2021,1611964800.0
sitepoint.com,sitepoint.com,04-oct-2021,1633305600.0
sky.it,sky.it,16-jun-2021,1623801600.0
skypefun.net,skypefun.net,20-nov-2021,1637366400.0
slidetomac.com,slidetomac.com,20-oct-2022,1666224000.0
slipstick.com,slipstick.com,24-may-2021,1621814400.0
smallpdf.com,smallpdf.com,13-feb-2025,1739404800.0
smart-call.it,smart-call.it,15-jul-2021,1626307200.0
smartadserver.com,smartadserver.com,10-jun-2021,1623283200.0
smashingmagazine.com,smashingmagazine.com,25-aug-2021,1629849600.0
smereghetti.com,smereghetti.com,30-apr-2021,1619740800.0
smiling.video,smiling.video,01-mar-2022,1646092800.0
snapfiles.com,snapfiles.com,07-may-2021,1620345600.0
snazzyspace.com,snazzyspace.com,22-nov-2021,1637539200.0
sociable.co,sociable.co,19-jul-2022,1658188800.0
softairmania.it,softairmania.it,30-jul-2021,1627603200.0
softblog.it,softblog.it,17-feb-2021,1613520000.0
softonic.com,softonic.com,28-jan-2029,1864252800.0
softonic.it,softonic.it,31-jul-2021,1627689600.0
softpedia.com,softpedia.com,19-jun-2022,1655596800.0
softstribe.com,softstribe.com,25-sep-2021,1632528000.0
solocane.it,solocane.it,04-dec-2021,1638576000.0
soloenduro.it,soloenduro.it,10-may-2021,1620604800.0
soluzionibio.it,soluzionibio.it,20-jan-2021,1611100800.0
sondriotoday.it,sondriotoday.it,15-jan-2021,1610668800.0
sostariffe.it,sostariffe.it,19-jul-2021,1626652800.0
soundsblog.it,soundsblog.it,25-jan-2021,1611532800.0
sourceforge.net,sourceforge.net,08-aug-2021,1628380800.0
spaziogames.it,spaziogames.it,29-jun-2021,1624924800.0
speckyboy.com,speckyboy.com,24-nov-2023,1700784000.0
speedcheck.org,speedcheck.org,15-jan-2021,1610668800.0
speedtest.net,speedtest.net,25-jun-2022,1656115200.0
spheraholding.com,spheraholding.com,20-oct-2021,1634688000.0
spiceworks.com,spiceworks.com,25-feb-2021,1614211200.0
splitbrain.org,splitbrain.org,25-oct-2021,1635120000.0
sportinal.com,sportinal.com,29-sep-2021,1632873600.0
sqlpowershell.blog,sqlpowershell.blog,16-mar-2021,1615852800.0
stackoverflow.com,stackoverflow.com,02-feb-2021,1612224000.0
start.io,start.io,17-jul-2021,1626480000.0
statsmobi.com,statsmobi.com,28-jun-2021,1624838400.0
stockpair.com,stockpair.com,13-jul-2021,1626134400.0
streamnowmovies.com,streamnowmovies.com,01-aug-2021,1627776000.0
studiocataldi.it,studiocataldi.it,03-dec-2021,1638489600.0
subito.it,subito.it,19-feb-2021,1613692800.0
subscene.com,subscene.com,24-nov-2022,1669248000.0
suryadewa.com,suryadewa.com,20-aug-2021,1629417600.0
swzone.it,swzone.it,04-feb-2021,1612396800.0
syfy.com,syfy.com,04-jun-2021,1622764800.0
tabletmag.com,tabletmag.com,03-dec-2021,1638489600.0
taggify.net,taggify.net,18-oct-2021,1634515200.0
tantifilm.tv,tantifilm.tv,12-jun-2021,1623456000.0
targatocn.it,targatocn.it,06-aug-2021,1628208000.0
tariffando.it,tariffando.it,17-apr-2021,1618617600.0
tatami-solutions.com,tatami-solutions.com,27-jan-2021,1611705600.0
tech-recipes.com,tech-recipes.com,27-jul-2022,1658880000.0
techassistance.it,techassistance.it,11-mar-2021,1615420800.0
techcrunch.com,techcrunch.com,10-jun-2021,1623283200.0
techhive.com,techhive.com,27-oct-2021,1635292800.0
techprincess.it,techprincess.it,06-oct-2021,1633478400.0
techradar.com,techradar.com,06-dec-2026,1796515200.0
techrepublic.com,techrepublic.com,19-nov-2021,1637280000.0
techspot.com,techspot.com,18-jan-2021,1610928000.0
techsupportforum.com,techsupportforum.com,18-jan-2021,1610928000.0
techtimes.com,techtimes.com,12-dec-2021,1639267200.0
techtipsgeek.com,techtipsgeek.com,24-jan-2021,1611446400.0
techzilla.it,techzilla.it,19-apr-2021,1618790400.0
tecnoandroid.it,tecnoandroid.it,15-nov-2021,1636934400.0
tecnobriciole.com,tecnobriciole.com,31-jul-2021,1627689600.0
tecnomani.com,tecnomani.com,30-jul-2021,1627603200.0
teleborsa.it,teleborsa.it,10-apr-2021,1618012800.0
teleclubitalia.it,teleclubitalia.it,06-jun-2021,1622937600.0
telefonino.net,telefonino.net,05-jul-2021,1625443200.0
televisionando.it,televisionando.it,22-feb-2021,1613952000.0
ternilife.com,ternilife.com,14-feb-2021,1613260800.0
terraclicks.com,terraclicks.com,14-apr-2021,1618358400.0
tesionline.it,tesionline.it,07-apr-2021,1617753600.0
tgregione.it,tgregione.it,05-mar-2021,1614902400.0
theabingtonjournal.com,theabingtonjournal.com,31-jul-2025,1753920000.0
theapplelounge.com,theapplelounge.com,14-aug-2021,1628899200.0
thebrowsergame.com,thebrowsergame.com,19-may-2021,1621382400.0
thefreecamsecret.com,thefreecamsecret.com,11-jul-2021,1625961600.0
thegamesmachine.it,thegamesmachine.it,25-apr-2021,1619308800.0
theguardian.com,theguardian.com,05-jul-2024,1720137600.0
thehackernews.com,thehackernews.com,27-oct-2024,1729987200.0
theitbros.com,theitbros.com,05-feb-2021,1612483200.0
thelostsheep.net,thelostsheep.net,20-mar-2021,1616198400.0
thenextweb.com,thenextweb.com,02-aug-2021,1627862400.0
thenounproject.com,thenounproject.com,02-jun-2021,1622592000.0
theverge.com,theverge.com,10-nov-2021,1636502400.0
thewindowsclub.com,thewindowsclub.com,02-nov-2025,1762041600.0
thoughtsondance.info,thoughtsondance.info,30-nov-2021,1638230400.0
thumboo.com,thumboo.com,23-oct-2021,1634947200.0
ticketone.it,ticketone.it,10-mar-2021,1615334400.0
timesleader.com,timesleader.com,21-jan-2022,1642723200.0
tinypic.com,tinypic.com,25-apr-2021,1619308800.0
tiscali.it,tiscali.it,24-jun-2021,1624492800.0
tmag.it,tmag.it,10-may-2021,1620604800.0
tmz.com,tmz.com,16-feb-2022,1644969600.0
tomsguide.com,tomsguide.com,03-aug-2021,1627948800.0
tomshw.it,tomshw.it,03-may-2021,1620000000.0
topstoreoffers.com,topstoreoffers.com,30-nov-2021,1638230400.0
torntv-tvv.org,torntv-tvv.org,28-may-2021,1622160000.0
toroadvertising.com,toroadvertising.com,08-jan-2023,1673136000.0
torrentportal.com,torrentportal.com,11-dec-2021,1639180800.0
totallyphp.co.uk,totallyphp.co.uk,22-jan-2021,1611273600.0
tpi.it,tpi.it,04-apr-2021,1617494400.0
tradeadexchange.com,tradeadexchange.com,27-apr-2021,1619481600.0
tradedoubler.com,tradedoubler.com,10-oct-2023,1696896000.0
tradingsat.com,tradingsat.com,22-oct-2023,1697932800.0
trailersland.com,trailersland.com,26-sep-2021,1632614400.0
trakt.tv,trakt.tv,18-may-2021,1621296000.0
treccani.it,treccani.it,11-jun-2021,1623369600.0
trend-online.com,trend-online.com,02-feb-2021,1612224000.0
tripadvisor.it,tripadvisor.it,28-apr-2021,1619568000.0
trovabanche.it,trovabanche.it,08-mar-2021,1615161600.0
trovanumeri.com,trovanumeri.com,06-apr-2021,1617667200.0
trovaprezzi.it,trovaprezzi.it,28-aug-2021,1630108800.0
troyhunt.com,troyhunt.com,15-nov-2021,1636934400.0
trw12.com,trw12.com,29-oct-2021,1635465600.0
tuaw.com,tuaw.com,16-jun-2021,1623801600.0
tubeoffline.com,tubeoffline.com,13-jun-2021,1623542400.0
tubeviral.com,tubeviral.com,30-nov-2021,1638230400.0
tumblr.com,tumblr.com,08-jun-2023,1686182400.0
tunebat.com,tunebat.com,12-feb-2023,1676160000.0
turbolab.it,turbolab.it,08-jul-2021,1625702400.0
tutorialized.com,tutorialized.com,06-dec-2021,1638748800.0
tuttoandroid.net,tuttoandroid.net,20-jan-2021,1611100800.0
tuttoannunci.org,tuttoannunci.org,22-jan-2021,1611273600.0
tuttomercatoweb.com,tuttomercatoweb.com,18-dec-2021,1639785600.0
tuttomotoriweb.com,tuttomotoriweb.com,26-nov-2021,1637884800.0
tuttosport.com,tuttosport.com,17-feb-2021,1613520000.0
tuttouomini.it,tuttouomini.it,18-sep-2021,1631923200.0
tvblog.it,tvblog.it,25-jan-2021,1611532800.0
tvdream.net,tvdream.net,17-sep-2021,1631836800.0
twenga.it,twenga.it,15-feb-2021,1613347200.0
twitch.tv,twitch.tv,08-jun-2024,1717804800.0
ucicinemas.it,ucicinemas.it,16-aug-2021,1629072000.0
ultimissimominuto.com,ultimissimominuto.com,04-feb-2022,1643932800.0
unibet.co.uk,unibet.co.uk,21-mar-2022,1647820800.0
unibet.com,unibet.com,10-dec-2023,1702166400.0
unilibro.it,unilibro.it,22-feb-2021,1613952000.0
universomamma.it,universomamma.it,16-nov-2021,1637020800.0
unvideoalgiorno.it,unvideoalgiorno.it,10-oct-2021,1633824000.0
uploading.com,uploading.com,15-sep-2021,1631664000.0
uptimerobot.com,uptimerobot.com,01-jan-2022,1640995200.0
uptobox.com,uptobox.com,06-dec-2023,1701820800.0
upyou.it,upyou.it,20-feb-2021,1613779200.0
urbanpost.it,urbanpost.it,19-sep-2021,1632009600.0
ustream.tv,ustream.tv,11-oct-2021,1633910400.0
v1n7c.com,v1n7c.com,26-feb-2021,1614297600.0
valdinievoleoggi.it,valdinievoleoggi.it,18-nov-2021,1637193600.0
valentinomarangi.com,valentinomarangi.com,14-dec-2021,1639440000.0
valledaostaglocal.it,valledaostaglocal.it,24-jul-2021,1627084800.0
varese.net,varese.net,24-jun-2021,1624492800.0
varesenews.it,varesenews.it,26-oct-2021,1635206400.0
veevr.com,veevr.com,24-oct-2021,1635033600.0
venturead.com,venturead.com,27-apr-2021,1619481600.0
ver-pelis.net,ver-pelis.net,02-feb-2021,1612224000.0
vg247.com,vg247.com,25-sep-2021,1632528000.0
viamichelin.it,viamichelin.it,06-feb-2021,1612569600.0
vice.com,vice.com,14-may-2029,1873411200.0
viddler.com,viddler.com,06-oct-2021,1633478400.0
videocasalinghi.com,videocasalinghi.com,30-apr-2021,1619740800.0
videogame.it,videogame.it,30-oct-2021,1635552000.0
videogiochi.com,videogiochi.com,04-dec-2021,1638576000.0
videopremium.me,videopremium.me,28-oct-2021,1635379200.0
videoweed.com,videoweed.com,23-sep-2021,1632355200.0
videowood.tv,videowood.tv,08-feb-2021,1612742400.0
vidtomp3.com,vidtomp3.com,04-oct-2021,1633305600.0
viglink.com,viglink.com,13-dec-2023,1702425600.0
vimeo.com,vimeo.com,15-dec-2021,1639526400.0
virgilio.it,virgilio.it,10-may-2021,1620604800.0
visibilmente.com,visibilmente.com,30-nov-2021,1638230400.0
vitadasmartphone.it,vitadasmartphone.it,25-aug-2021,1629849600.0
vittgam.net,vittgam.net,09-may-2021,1620518400.0
vladtv.com,vladtv.com,17-apr-2024,1713312000.0
vnews24.it,vnews24.it,20-sep-2021,1632096000.0
w3schools.com,w3schools.com,21-mar-2025,1742515200.0
wagital.com,wagital.com,28-may-2021,1622160000.0
walkonjob.it,walkonjob.it,23-may-2021,1621728000.0
wallpaperswide.com,wallpaperswide.com,19-may-2022,1652918400.0
warthunder.com,warthunder.com,02-dec-2024,1733097600.0
washingtonpost.com,washingtonpost.com,12-nov-2021,1636675200.0
wccftech.com,wccftech.com,21-mar-2022,1647820800.0
weblinkads.com,weblinkads.com,19-nov-2021,1637280000.0
webmasterpoint.org,webmasterpoint.org,01-dec-2021,1638316800.0
webmonkey.com,webmonkey.com,25-apr-2021,1619308800.0
webnews.it,webnews.it,14-sep-2021,1631577600.0
weborama.fr,weborama.fr,30-oct-2029,1888012800.0
who.is,who.is,12-jun-2023,1686528000.0
wikia.com,wikia.com,09-dec-2023,1702080000.0
wikifeet.com,wikifeet.com,28-jun-2025,1751068800.0
wikihow.com,wikihow.com,12-jun-2024,1718150400.0
williamhill.it,williamhill.it,17-aug-2021,1629158400.0
windoweb.it,windoweb.it,06-may-2021,1620259200.0
windows-noob.com,windows-noob.com,22-jan-2022,1642809600.0
windows8blog.it,windows8blog.it,21-may-2021,1621555200.0
windowsblogitalia.com,windowsblogitalia.com,03-jan-2022,1641168000.0
windowscentral.com,windowscentral.com,23-nov-2024,1732320000.0
windowsitpro.com,windowsitpro.com,18-mar-2021,1616025600.0
winhelponline.com,winhelponline.com,03-jun-2024,1717372800.0
winscp.net,winscp.net,10-feb-2021,1612915200.0
wired.com,wired.com,19-nov-2021,1637280000.0
wired.it,wired.it,26-jan-2021,1611619200.0
witandfolly.co,witandfolly.co,10-oct-2023,1696896000.0
wittgenstein.it,wittgenstein.it,20-nov-2021,1637366400.0
womensradio.com,womensradio.com,19-jan-2024,1705622400.0
wordreference.com,wordreference.com,25-feb-2025,1740441600.0
wowcast.tv,wowcast.tv,01-oct-2021,1633046400.0
wpjedi.com,wpjedi.com,10-oct-2021,1633824000.0
wplift.com,wplift.com,02-sep-2021,1630540800.0
wpmayor.com,wpmayor.com,13-oct-2021,1634083200.0
wwwpromoter.com,wwwpromoter.com,03-may-2021,1620000000.0
xboxdvr.com,xboxdvr.com,05-nov-2021,1636070400.0
xboxway.com,xboxway.com,28-jul-2021,1627430400.0
xe.com,xe.com,15-dec-2023,1702598400.0
xhamster.com,xhamster.com,02-apr-2021,1617321600.0
xlovecam.com,xlovecam.com,25-jan-2021,1611532800.0
yabidos.com,yabidos.com,18-jul-2021,1626566400.0
yahoo.com,yahoo.com,19-jan-2023,1674086400.0
yeabble.com,yeabble.com,16-jul-2021,1626393600.0
youfeed.it,youfeed.it,22-may-2021,1621641600.0
youporn.com,youporn.com,23-may-2021,1621728000.0
youreporter.it,youreporter.it,19-jan-2021,1611014400.0
yourinspirationweb.com,yourinspirationweb.com,30-apr-2021,1619740800.0
yourlifeupdated.it,yourlifeupdated.it,14-sep-2021,1631577600.0
youtube.com,youtube.com,15-feb-2021,1613347200.0
ytimg.com,ytimg.com,11-dec-2021,1639180800.0
ytmp3.cc,ytmp3.cc,16-apr-2021,1618531200.0
yuvutu.com,yuvutu.com,25-may-2022,1653436800.0
zdnet.com,zdnet.com,28-apr-2021,1619568000.0
zedo.com,zedo.com,03-oct-2022,1664755200.0
zeroredirect10.com,zeroredirect10.com,17-jul-2021,1626480000.0
zeusnews.it,zeusnews.it,25-aug-2021,1629849600.0
zippyshare.com,zippyshare.com,06-sep-2021,1630886400.0
github.com,github.com,09-oct-2022,1665273600.0
01net.it,01net.it,14-dec-2021,1639440000.0
agnitogeek.com,agnitogeek.com,23-dec-2021,1640217600.0
alt-codes.net,alt-codes.net,04-may-2021,1620086400.0
aranzulla.it,aranzulla.it,21-dec-2021,1640044800.0
chimerarevo.com,chimerarevo.com,23-dec-2021,1640217600.0
dellwindowsreinstallationguide.com,dellwindowsreinstallationguide.com,02-jan-2022,1641081600.0
diffchecker.com,diffchecker.com,14-jun-2021,1623628800.0
fontawesome.com,fontawesome.com,18-oct-2021,1634515200.0
imgur.com,imgur.com,09-jan-2022,1641686400.0
ipsoa.it,ipsoa.it,14-apr-2021,1618358400.0
itstillworks.com,itstillworks.com,16-jul-2021,1626393600.0
itwriting.com,itwriting.com,16-mar-2021,1615852800.0
jsonlint.com,jsonlint.com,07-jan-2022,1641513600.0
money.it,money.it,19-may-2021,1621382400.0
notizieora.it,notizieora.it,04-nov-2021,1635984000.0
pasty.link,pasty.link,04-jan-2022,1641254400.0
player.fm,player.fm,12-nov-2022,1668211200.0
get-itsolutions.com,get-itsolutions.com,31-mar-2021,1617148800.0
smallseotools.com,smallseotools.com,06-sep-2023,1693958400.0
tenforums.com,tenforums.com,27-feb-2030,1898380800.0
threadreaderapp.com,threadreaderapp.com,13-nov-2021,1636761600.0
windowsreport.com,windowsreport.com,14-jun-2021,1623628800.0
6sicuro.it,6sicuro.it,22-dec-2021,1640131200.0
amazon.it,amazon.it,12-jan-2022,1641945600.0
automoto.it,automoto.it,10-dec-2021,1639094400.0
blackberrycool.com,blackberrycool.com,22-mar-2022,1647907200.0
comesiscrive.it,comesiscrive.it,16-dec-2021,1639612800.0
engage.it,engage.it,06-dec-2021,1638748800.0
everyeye.it,everyeye.it,21-dec-2021,1640044800.0
excite.it,excite.it,18-dec-2021,1639785600.0
fcinternews.it,fcinternews.it,31-mar-2022,1648684800.0
film-stream.tv,film-stream.tv,28-dec-2021,1640649600.0
guidamonaci.it,guidamonaci.it,21-dec-2021,1640044800.0
ilquotidianodellazio.it,ilquotidianodellazio.it,14-jun-2021,1623628800.0
intoscana.it,intoscana.it,11-dec-2021,1639180800.0
last.fm,last.fm,19-mar-2023,1679184000.0
live.com,live.com,27-dec-2021,1640563200.0
mgid.com,mgid.com,30-dec-2022,1672358400.0
miui.it,miui.it,04-jan-2022,1641254400.0
mobileworld.it,mobileworld.it,07-dec-2021,1638835200.0
movshare.ag,movshare.ag,23-dec-2021,1640217600.0
mutuok.com,mutuok.com,31-dec-2021,1640908800.0
notipedia.it,notipedia.it,24-jan-2022,1642982400.0
orizzontescuola.it,orizzontescuola.it,06-dec-2021,1638748800.0
ricettedalmondo.it,ricettedalmondo.it,17-dec-2021,1639699200.0
sardiniapost.it,sardiniapost.it,09-jan-2022,1641686400.0
smartworld.it,smartworld.it,07-dec-2021,1638835200.0
statcounter.com,statcounter.com,05-jan-2022,1641340800.0
tgmonline.it,tgmonline.it,02-feb-2022,1643760000.0
today.it,today.it,27-dec-2021,1640563200.0
tzetze.it,tzetze.it,13-jan-2022,1642032000.0
unita.it,unita.it,01-jan-2022,1640995200.0
uploaded.net,uploaded.net,12-jan-2022,1641945600.0
vanityfair.it,vanityfair.it,10-dec-2021,1639094400.0
vg247.it,vg247.it,24-mar-2022,1648080000.0
vipboxeu.co,vipboxeu.co,17-dec-2021,1639699200.0
webhostingmagazine.it,webhostingmagazine.it,07-jan-2022,1641513600.0
winamp.com,winamp.com,23-dec-2021,1640217600.0
windowsnetworking.com,windowsnetworking.com,07-jan-2022,1641513600.0
zedge.net,zedge.net,09-jan-2022,1641686400.0
zoomtv.me,zoomtv.me,24-feb-2022,1645660800.0
rediff.com,rediff.com,09-feb-2025,1739059200.0
sfr.fr,sfr.fr,18-nov-2021,1637193600.0
teamskeet.com,teamskeet.com,16-aug-2021,1629072000.0
nxload.com,nxload.com,16-nov-2022,1668556800.0
shrink-service.it,shrink-service.it,09-feb-2022,1644364800.0
sleeptimer.org,sleeptimer.org,22-feb-2022,1645488000.0
tasma.ru,tasma.ru,05-mar-2022,1646438400.0
tomadivx.tv,tomadivx.tv,11-jul-2021,1625961600.0
tubettajat.net,tubettajat.net,22-dec-2021,1640131200.0
faimed.it,faimed.it,22-oct-2021,1634860800.0
godaddy.com,godaddy.com,01-nov-2021,1635724800.0
ilwebmaster21.com,ilwebmaster21.com,21-may-2021,1621555200.0
lloydsfarmacia.it,lloydsfarmacia.it,09-oct-2021,1633737600.0
paypal.com,paypal.com,15-jul-2021,1626307200.0
pizzium.com,pizzium.com,21-nov-2022,1668988800.0
guidafisco.it,guidafisco.it,14-dec-2021,1639440000.0
informatblog.com,informatblog.com,21-dec-2021,1640044800.0
businessonline.it,businessonline.it,06-jun-2021,1622937600.0
pendrivelinux.com,pendrivelinux.com,04-jan-2023,1672790400.0
postimg.cc,postimg.cc,11-jun-2024,1718064000.0
9to5google.com,9to5google.com,29-jan-2022,1643414400.0
centrolibri.it,centrolibri.it,04-nov-2021,1635984000.0
comune.milano.it,comune.milano.it,26-sep-2021,1632614400.0
elmec.com,elmec.com,12-nov-2021,1636675200.0
itninja.com,itninja.com,02-feb-2022,1643760000.0
theinsidersnet.com,theinsidersnet.com,22-oct-2021,1634860800.0
xda-developers.com,xda-developers.com,12-dec-2029,1891728000.0
gcemetery.co,gcemetery.co,18-nov-2021,1637193600.0
haydenjames.io,haydenjames.io,19-aug-2021,1629331200.0
oldapps.com,oldapps.com,19-aug-2023,1692403200.0
oldversion.com,oldversion.com,31-may-2025,1748649600.0
